uid,model,split,domain,task,label,logit
cal:0:0,synthetic-judge,cal,sim,cal_task0,1,-0.35239714363445696
cal:0:1,synthetic-judge,cal,sim,cal_task0,0,-1.9666551831136934
cal:0:2,synthetic-judge,cal,sim,cal_task0,1,3.964346162047719
cal:0:3,synthetic-judge,cal,sim,cal_task0,1,-2.3170755406186583
cal:0:4,synthetic-judge,cal,sim,cal_task0,0,-0.6991443461994323
cal:0:5,synthetic-judge,cal,sim,cal_task0,0,-2.001013621898489
cal:0:6,synthetic-judge,cal,sim,cal_task0,1,4.346075787301461
cal:0:7,synthetic-judge,cal,sim,cal_task0,0,-2.4847563844157037
cal:0:8,synthetic-judge,cal,sim,cal_task0,0,0.5520715005742489
cal:0:9,synthetic-judge,cal,sim,cal_task0,0,-1.654880993138606
cal:0:10,synthetic-judge,cal,sim,cal_task0,1,-0.6606799899561017
cal:0:11,synthetic-judge,cal,sim,cal_task0,1,1.034658799556114
cal:0:12,synthetic-judge,cal,sim,cal_task0,0,-0.34243222524032724
cal:0:13,synthetic-judge,cal,sim,cal_task0,0,-4.86023981888573
cal:0:14,synthetic-judge,cal,sim,cal_task0,1,3.3012679123324604
cal:0:15,synthetic-judge,cal,sim,cal_task0,1,6.008105043678586
cal:0:16,synthetic-judge,cal,sim,cal_task0,1,5.436437368468231
cal:0:17,synthetic-judge,cal,sim,cal_task0,1,0.1582057770504177
cal:0:18,synthetic-judge,cal,sim,cal_task0,1,1.7565105502587834
cal:0:19,synthetic-judge,cal,sim,cal_task0,1,-4.560449557498005
cal:1:0,synthetic-judge,cal,sim,cal_task1,1,5.319748837638526
cal:1:1,synthetic-judge,cal,sim,cal_task1,1,-2.672012852777706
cal:1:2,synthetic-judge,cal,sim,cal_task1,1,0.8956878204176513
cal:1:3,synthetic-judge,cal,sim,cal_task1,1,1.0970220922241283
cal:1:4,synthetic-judge,cal,sim,cal_task1,0,5.650322782431283
cal:1:5,synthetic-judge,cal,sim,cal_task1,0,2.1024772815740786
cal:1:6,synthetic-judge,cal,sim,cal_task1,0,-0.8836459008321473
cal:1:7,synthetic-judge,cal,sim,cal_task1,0,-6.002307141358791
cal:1:8,synthetic-judge,cal,sim,cal_task1,0,0.6869405787692133
cal:1:9,synthetic-judge,cal,sim,cal_task1,1,5.118707138892683
cal:1:10,synthetic-judge,cal,sim,cal_task1,0,-3.3688660596123965
cal:1:11,synthetic-judge,cal,sim,cal_task1,0,2.4880896685958795
cal:1:12,synthetic-judge,cal,sim,cal_task1,0,-7.002601527188686
cal:1:13,synthetic-judge,cal,sim,cal_task1,1,2.32112946226121
cal:1:14,synthetic-judge,cal,sim,cal_task1,0,1.8544459396048167
cal:1:15,synthetic-judge,cal,sim,cal_task1,0,0.8463487432783845
cal:1:16,synthetic-judge,cal,sim,cal_task1,1,-3.964286016520022
cal:1:17,synthetic-judge,cal,sim,cal_task1,0,-0.8292650907061702
cal:1:18,synthetic-judge,cal,sim,cal_task1,1,4.0462054183656555
cal:1:19,synthetic-judge,cal,sim,cal_task1,0,3.021733253562103
cal:2:0,synthetic-judge,cal,sim,cal_task2,0,-5.60126434891889
cal:2:1,synthetic-judge,cal,sim,cal_task2,0,-5.585136019021615
cal:2:2,synthetic-judge,cal,sim,cal_task2,0,-4.013386697005815
cal:2:3,synthetic-judge,cal,sim,cal_task2,0,1.540518851721417
cal:2:4,synthetic-judge,cal,sim,cal_task2,1,4.273190091891328
cal:2:5,synthetic-judge,cal,sim,cal_task2,0,-9.355384570067859
cal:2:6,synthetic-judge,cal,sim,cal_task2,0,1.8009164664534283
cal:2:7,synthetic-judge,cal,sim,cal_task2,1,1.3834879360495629
cal:2:8,synthetic-judge,cal,sim,cal_task2,1,-0.3298278565896538
cal:2:9,synthetic-judge,cal,sim,cal_task2,1,-1.0492349689414708
cal:2:10,synthetic-judge,cal,sim,cal_task2,1,-1.9366588165524676
cal:2:11,synthetic-judge,cal,sim,cal_task2,1,1.3085715122184625
cal:2:12,synthetic-judge,cal,sim,cal_task2,0,-9.487100406551047
cal:2:13,synthetic-judge,cal,sim,cal_task2,0,-2.0142025978325946
cal:2:14,synthetic-judge,cal,sim,cal_task2,0,-0.09337282119853361
cal:2:15,synthetic-judge,cal,sim,cal_task2,1,6.695187320464439
cal:2:16,synthetic-judge,cal,sim,cal_task2,0,0.29652197988675755
cal:2:17,synthetic-judge,cal,sim,cal_task2,0,2.558587366476064
cal:2:18,synthetic-judge,cal,sim,cal_task2,1,4.221248446252772
cal:2:19,synthetic-judge,cal,sim,cal_task2,0,-0.7122588985586041
cal:3:0,synthetic-judge,cal,sim,cal_task3,0,-2.027934884362522
cal:3:1,synthetic-judge,cal,sim,cal_task3,1,5.275458317379838
cal:3:2,synthetic-judge,cal,sim,cal_task3,0,-8.057521485915572
cal:3:3,synthetic-judge,cal,sim,cal_task3,0,-0.4828778344187653
cal:3:4,synthetic-judge,cal,sim,cal_task3,0,-5.411058558268989
cal:3:5,synthetic-judge,cal,sim,cal_task3,1,2.064887544151806
cal:3:6,synthetic-judge,cal,sim,cal_task3,0,-6.70105916951385
cal:3:7,synthetic-judge,cal,sim,cal_task3,0,-2.1859685715780435
cal:3:8,synthetic-judge,cal,sim,cal_task3,1,-2.167714200937004
cal:3:9,synthetic-judge,cal,sim,cal_task3,1,8.960992365210156
cal:3:10,synthetic-judge,cal,sim,cal_task3,0,-1.062484893305805
cal:3:11,synthetic-judge,cal,sim,cal_task3,1,-2.525254023610032
cal:3:12,synthetic-judge,cal,sim,cal_task3,0,-0.5898418208702598
cal:3:13,synthetic-judge,cal,sim,cal_task3,1,2.4316973265225927
cal:3:14,synthetic-judge,cal,sim,cal_task3,1,3.7291315094024355
cal:3:15,synthetic-judge,cal,sim,cal_task3,0,-4.2996656100841815
cal:3:16,synthetic-judge,cal,sim,cal_task3,1,4.537123584158942
cal:3:17,synthetic-judge,cal,sim,cal_task3,0,-5.007193484719249
cal:3:18,synthetic-judge,cal,sim,cal_task3,0,-12.705808787106562
cal:3:19,synthetic-judge,cal,sim,cal_task3,0,-1.6631516998312557
cal:4:0,synthetic-judge,cal,sim,cal_task4,1,3.2618061478458005
cal:4:1,synthetic-judge,cal,sim,cal_task4,1,1.1670467906486155
cal:4:2,synthetic-judge,cal,sim,cal_task4,1,2.3095940615580535
cal:4:3,synthetic-judge,cal,sim,cal_task4,1,5.683801941708363
cal:4:4,synthetic-judge,cal,sim,cal_task4,1,3.117910238681083
cal:4:5,synthetic-judge,cal,sim,cal_task4,0,-0.35162403333029557
cal:4:6,synthetic-judge,cal,sim,cal_task4,1,1.0804491150976785
cal:4:7,synthetic-judge,cal,sim,cal_task4,1,0.02298763152757477
cal:4:8,synthetic-judge,cal,sim,cal_task4,0,-0.8446746912742484
cal:4:9,synthetic-judge,cal,sim,cal_task4,0,-0.6607619509188876
cal:4:10,synthetic-judge,cal,sim,cal_task4,1,2.378170777735432
cal:4:11,synthetic-judge,cal,sim,cal_task4,0,-2.6813636511602046
cal:4:12,synthetic-judge,cal,sim,cal_task4,0,0.9666621375186311
cal:4:13,synthetic-judge,cal,sim,cal_task4,0,-9.279247568278079
cal:4:14,synthetic-judge,cal,sim,cal_task4,0,-1.545802980340906
cal:4:15,synthetic-judge,cal,sim,cal_task4,1,-2.21718901784036
cal:4:16,synthetic-judge,cal,sim,cal_task4,1,5.482409834348576
cal:4:17,synthetic-judge,cal,sim,cal_task4,1,1.2984044941313637
cal:4:18,synthetic-judge,cal,sim,cal_task4,1,5.796512013233713
cal:4:19,synthetic-judge,cal,sim,cal_task4,0,4.6982940625709455
cal:5:0,synthetic-judge,cal,sim,cal_task5,0,1.677536376094968
cal:5:1,synthetic-judge,cal,sim,cal_task5,1,-1.8872945800568712
cal:5:2,synthetic-judge,cal,sim,cal_task5,1,-0.4201352623352911
cal:5:3,synthetic-judge,cal,sim,cal_task5,0,-3.7864510492492927
cal:5:4,synthetic-judge,cal,sim,cal_task5,0,-2.5822052013025005
cal:5:5,synthetic-judge,cal,sim,cal_task5,1,3.3352754534649662
cal:5:6,synthetic-judge,cal,sim,cal_task5,0,-3.7738558163896836
cal:5:7,synthetic-judge,cal,sim,cal_task5,1,0.179671982299683
cal:5:8,synthetic-judge,cal,sim,cal_task5,0,0.9052942038649178
cal:5:9,synthetic-judge,cal,sim,cal_task5,0,-5.404072672315698
cal:5:10,synthetic-judge,cal,sim,cal_task5,1,2.0694496504247497
cal:5:11,synthetic-judge,cal,sim,cal_task5,1,-3.655233836688477
cal:5:12,synthetic-judge,cal,sim,cal_task5,0,-3.521937879289536
cal:5:13,synthetic-judge,cal,sim,cal_task5,1,1.7475225870593318
cal:5:14,synthetic-judge,cal,sim,cal_task5,1,-0.13008927789332014
cal:5:15,synthetic-judge,cal,sim,cal_task5,1,7.397291961184798
cal:5:16,synthetic-judge,cal,sim,cal_task5,1,8.74213376079998
cal:5:17,synthetic-judge,cal,sim,cal_task5,1,6.534307988174849
cal:5:18,synthetic-judge,cal,sim,cal_task5,1,1.510161335568134
cal:5:19,synthetic-judge,cal,sim,cal_task5,0,-4.865792220383753
cal:6:0,synthetic-judge,cal,sim,cal_task6,0,-3.805520892904075
cal:6:1,synthetic-judge,cal,sim,cal_task6,1,-3.1229466635769194
cal:6:2,synthetic-judge,cal,sim,cal_task6,1,0.927387888486882
cal:6:3,synthetic-judge,cal,sim,cal_task6,0,4.938633018404271
cal:6:4,synthetic-judge,cal,sim,cal_task6,1,3.2396058740610956
cal:6:5,synthetic-judge,cal,sim,cal_task6,1,4.118803263415417
cal:6:6,synthetic-judge,cal,sim,cal_task6,0,-3.996910915926004
cal:6:7,synthetic-judge,cal,sim,cal_task6,0,-2.4797541125171785
cal:6:8,synthetic-judge,cal,sim,cal_task6,1,-4.550030362790389
cal:6:9,synthetic-judge,cal,sim,cal_task6,1,-2.4526652448912567
cal:6:10,synthetic-judge,cal,sim,cal_task6,1,1.5941233757263449
cal:6:11,synthetic-judge,cal,sim,cal_task6,0,-4.912769633368546
cal:6:12,synthetic-judge,cal,sim,cal_task6,0,-1.972642170782004
cal:6:13,synthetic-judge,cal,sim,cal_task6,1,7.944330636098872
cal:6:14,synthetic-judge,cal,sim,cal_task6,0,-5.015372202575303
cal:6:15,synthetic-judge,cal,sim,cal_task6,0,0.10281014183043335
cal:6:16,synthetic-judge,cal,sim,cal_task6,1,-1.8170712873901171
cal:6:17,synthetic-judge,cal,sim,cal_task6,0,0.20396780553738136
cal:6:18,synthetic-judge,cal,sim,cal_task6,1,3.5304264970794628
cal:6:19,synthetic-judge,cal,sim,cal_task6,1,5.005778953205175
cal:7:0,synthetic-judge,cal,sim,cal_task7,1,1.5561019355791952
cal:7:1,synthetic-judge,cal,sim,cal_task7,1,7.262938637972935
cal:7:2,synthetic-judge,cal,sim,cal_task7,0,-0.6345010823383737
cal:7:3,synthetic-judge,cal,sim,cal_task7,0,2.3353755376185585
cal:7:4,synthetic-judge,cal,sim,cal_task7,1,8.38189092368261
cal:7:5,synthetic-judge,cal,sim,cal_task7,1,5.948299968110177
cal:7:6,synthetic-judge,cal,sim,cal_task7,1,10.9496190601298
cal:7:7,synthetic-judge,cal,sim,cal_task7,1,0.7921480272437935
cal:7:8,synthetic-judge,cal,sim,cal_task7,0,2.880634829136678
cal:7:9,synthetic-judge,cal,sim,cal_task7,1,6.3285794466759935
cal:7:10,synthetic-judge,cal,sim,cal_task7,1,-0.3616588249163497
cal:7:11,synthetic-judge,cal,sim,cal_task7,0,2.613517823940043
cal:7:12,synthetic-judge,cal,sim,cal_task7,0,-4.801068655406878
cal:7:13,synthetic-judge,cal,sim,cal_task7,1,7.22391353527969
cal:7:14,synthetic-judge,cal,sim,cal_task7,1,2.428393209686435
cal:7:15,synthetic-judge,cal,sim,cal_task7,0,-7.072675573312676
cal:7:16,synthetic-judge,cal,sim,cal_task7,1,9.017314935198229
cal:7:17,synthetic-judge,cal,sim,cal_task7,1,1.3767761409120687
cal:7:18,synthetic-judge,cal,sim,cal_task7,1,4.804925132777929
cal:7:19,synthetic-judge,cal,sim,cal_task7,1,1.0045589327785363
cal:8:0,synthetic-judge,cal,sim,cal_task8,0,-4.499191757836227
cal:8:1,synthetic-judge,cal,sim,cal_task8,0,-1.6379134805948812
cal:8:2,synthetic-judge,cal,sim,cal_task8,0,-0.7764744686482561
cal:8:3,synthetic-judge,cal,sim,cal_task8,0,-9.200155454794993
cal:8:4,synthetic-judge,cal,sim,cal_task8,0,-7.000489968795812
cal:8:5,synthetic-judge,cal,sim,cal_task8,1,0.16792516613947894
cal:8:6,synthetic-judge,cal,sim,cal_task8,1,3.282453719128659
cal:8:7,synthetic-judge,cal,sim,cal_task8,1,0.11804248797356687
cal:8:8,synthetic-judge,cal,sim,cal_task8,1,-2.808360211180215
cal:8:9,synthetic-judge,cal,sim,cal_task8,0,-2.1805661250374118
cal:8:10,synthetic-judge,cal,sim,cal_task8,1,6.059890945652169
cal:8:11,synthetic-judge,cal,sim,cal_task8,1,-2.2108505513404832
cal:8:12,synthetic-judge,cal,sim,cal_task8,0,-4.611081905627309
cal:8:13,synthetic-judge,cal,sim,cal_task8,0,-3.692095246676771
cal:8:14,synthetic-judge,cal,sim,cal_task8,0,-2.0570610272216885
cal:8:15,synthetic-judge,cal,sim,cal_task8,1,-0.169612788138098
cal:8:16,synthetic-judge,cal,sim,cal_task8,0,1.6005264680715534
cal:8:17,synthetic-judge,cal,sim,cal_task8,1,-0.15495372384070638
cal:8:18,synthetic-judge,cal,sim,cal_task8,0,-2.76336591275945
cal:8:19,synthetic-judge,cal,sim,cal_task8,0,-0.5169525897473981
cal:9:0,synthetic-judge,cal,sim,cal_task9,1,0.46530022876344024
cal:9:1,synthetic-judge,cal,sim,cal_task9,1,3.184770784024912
cal:9:2,synthetic-judge,cal,sim,cal_task9,0,1.6279205565631123
cal:9:3,synthetic-judge,cal,sim,cal_task9,0,-1.3129951562602071
cal:9:4,synthetic-judge,cal,sim,cal_task9,0,-1.4789797696717844
cal:9:5,synthetic-judge,cal,sim,cal_task9,0,0.5212561641387052
cal:9:6,synthetic-judge,cal,sim,cal_task9,1,1.8580849393794616
cal:9:7,synthetic-judge,cal,sim,cal_task9,1,4.242711581220586
cal:9:8,synthetic-judge,cal,sim,cal_task9,1,-0.2634490487333504
cal:9:9,synthetic-judge,cal,sim,cal_task9,0,-3.1497760614255585
cal:9:10,synthetic-judge,cal,sim,cal_task9,0,-1.4673876352724582
cal:9:11,synthetic-judge,cal,sim,cal_task9,1,5.296220425667661
cal:9:12,synthetic-judge,cal,sim,cal_task9,1,1.3562660943548692
cal:9:13,synthetic-judge,cal,sim,cal_task9,0,-3.5051018354646635
cal:9:14,synthetic-judge,cal,sim,cal_task9,1,2.553425774405582
cal:9:15,synthetic-judge,cal,sim,cal_task9,1,0.11367904102440413
cal:9:16,synthetic-judge,cal,sim,cal_task9,1,-0.10570030169259008
cal:9:17,synthetic-judge,cal,sim,cal_task9,0,-6.293902533945142
cal:9:18,synthetic-judge,cal,sim,cal_task9,0,-5.491063451384388
cal:9:19,synthetic-judge,cal,sim,cal_task9,1,1.0786163964792488
cal:10:0,synthetic-judge,cal,sim,cal_task10,0,-4.276179569307792
cal:10:1,synthetic-judge,cal,sim,cal_task10,1,1.0245077683321295
cal:10:2,synthetic-judge,cal,sim,cal_task10,1,0.0626426217352074
cal:10:3,synthetic-judge,cal,sim,cal_task10,0,-3.6818587342703264
cal:10:4,synthetic-judge,cal,sim,cal_task10,1,8.35049571784677
cal:10:5,synthetic-judge,cal,sim,cal_task10,1,4.728086675394915
cal:10:6,synthetic-judge,cal,sim,cal_task10,1,1.2197243099712725
cal:10:7,synthetic-judge,cal,sim,cal_task10,1,3.528643379709494
cal:10:8,synthetic-judge,cal,sim,cal_task10,1,6.056247493788281
cal:10:9,synthetic-judge,cal,sim,cal_task10,1,4.723136687819
cal:10:10,synthetic-judge,cal,sim,cal_task10,1,6.014178478284519
cal:10:11,synthetic-judge,cal,sim,cal_task10,0,2.3554589110222803
cal:10:12,synthetic-judge,cal,sim,cal_task10,0,-1.3347874892169667
cal:10:13,synthetic-judge,cal,sim,cal_task10,0,-3.959166401829852
cal:10:14,synthetic-judge,cal,sim,cal_task10,0,-0.987826259877141
cal:10:15,synthetic-judge,cal,sim,cal_task10,0,3.281398094409216
cal:10:16,synthetic-judge,cal,sim,cal_task10,1,4.088507884035731
cal:10:17,synthetic-judge,cal,sim,cal_task10,1,3.4811521453722865
cal:10:18,synthetic-judge,cal,sim,cal_task10,1,10.662913174269214
cal:10:19,synthetic-judge,cal,sim,cal_task10,1,5.576759759922717
cal:11:0,synthetic-judge,cal,sim,cal_task11,0,-0.08871327115418848
cal:11:1,synthetic-judge,cal,sim,cal_task11,1,-0.08962590616461785
cal:11:2,synthetic-judge,cal,sim,cal_task11,1,4.182886045195621
cal:11:3,synthetic-judge,cal,sim,cal_task11,0,-1.5903888728402837
cal:11:4,synthetic-judge,cal,sim,cal_task11,0,-5.410199309967668
cal:11:5,synthetic-judge,cal,sim,cal_task11,1,1.9871135122300658
cal:11:6,synthetic-judge,cal,sim,cal_task11,0,-0.03297636110799451
cal:11:7,synthetic-judge,cal,sim,cal_task11,0,-4.602126939874591
cal:11:8,synthetic-judge,cal,sim,cal_task11,1,5.108001447159374
cal:11:9,synthetic-judge,cal,sim,cal_task11,0,-2.6207952905306504
cal:11:10,synthetic-judge,cal,sim,cal_task11,0,-6.611129462909185
cal:11:11,synthetic-judge,cal,sim,cal_task11,0,-11.479448842400274
cal:11:12,synthetic-judge,cal,sim,cal_task11,0,0.5108973258490828
cal:11:13,synthetic-judge,cal,sim,cal_task11,0,-1.877126158506019
cal:11:14,synthetic-judge,cal,sim,cal_task11,0,-2.9016928612108996
cal:11:15,synthetic-judge,cal,sim,cal_task11,0,-2.811943866825719
cal:11:16,synthetic-judge,cal,sim,cal_task11,1,1.898967857001471
cal:11:17,synthetic-judge,cal,sim,cal_task11,1,0.34873699666817326
cal:11:18,synthetic-judge,cal,sim,cal_task11,1,-2.483323710199178
cal:11:19,synthetic-judge,cal,sim,cal_task11,0,-7.263497683006841
cal:12:0,synthetic-judge,cal,sim,cal_task12,1,-1.7507360853783098
cal:12:1,synthetic-judge,cal,sim,cal_task12,0,-1.1598396798882513
cal:12:2,synthetic-judge,cal,sim,cal_task12,0,-7.208081112536433
cal:12:3,synthetic-judge,cal,sim,cal_task12,0,-5.580454364847461
cal:12:4,synthetic-judge,cal,sim,cal_task12,0,0.6920247719513226
cal:12:5,synthetic-judge,cal,sim,cal_task12,0,-4.02596596661918
cal:12:6,synthetic-judge,cal,sim,cal_task12,0,1.6733313184669372
cal:12:7,synthetic-judge,cal,sim,cal_task12,0,0.7628114936588253
cal:12:8,synthetic-judge,cal,sim,cal_task12,1,5.610196878692938
cal:12:9,synthetic-judge,cal,sim,cal_task12,1,8.190157349929581
cal:12:10,synthetic-judge,cal,sim,cal_task12,0,-4.297867492078722
cal:12:11,synthetic-judge,cal,sim,cal_task12,0,-3.14901214643107
cal:12:12,synthetic-judge,cal,sim,cal_task12,0,-1.308766256572813
cal:12:13,synthetic-judge,cal,sim,cal_task12,1,0.7808780351148294
cal:12:14,synthetic-judge,cal,sim,cal_task12,0,-10.786524612786625
cal:12:15,synthetic-judge,cal,sim,cal_task12,0,-6.209505214564108
cal:12:16,synthetic-judge,cal,sim,cal_task12,1,0.907186114488568
cal:12:17,synthetic-judge,cal,sim,cal_task12,0,-6.182717764509485
cal:12:18,synthetic-judge,cal,sim,cal_task12,1,4.338987804553371
cal:12:19,synthetic-judge,cal,sim,cal_task12,0,-1.592842451540193
cal:13:0,synthetic-judge,cal,sim,cal_task13,1,1.9341204025420753
cal:13:1,synthetic-judge,cal,sim,cal_task13,1,0.059210195625950646
cal:13:2,synthetic-judge,cal,sim,cal_task13,0,-2.907968059396397
cal:13:3,synthetic-judge,cal,sim,cal_task13,0,-0.4902502161676079
cal:13:4,synthetic-judge,cal,sim,cal_task13,0,-1.015389381788828
cal:13:5,synthetic-judge,cal,sim,cal_task13,1,-3.4376912216837066
cal:13:6,synthetic-judge,cal,sim,cal_task13,0,-3.7211236693940934
cal:13:7,synthetic-judge,cal,sim,cal_task13,1,-0.26537087000390835
cal:13:8,synthetic-judge,cal,sim,cal_task13,0,1.1846839814767987
cal:13:9,synthetic-judge,cal,sim,cal_task13,0,-4.217499049655952
cal:13:10,synthetic-judge,cal,sim,cal_task13,1,3.8712763069650555
cal:13:11,synthetic-judge,cal,sim,cal_task13,1,-4.467964892439899
cal:13:12,synthetic-judge,cal,sim,cal_task13,0,-1.3798654284767853
cal:13:13,synthetic-judge,cal,sim,cal_task13,0,-3.119797185374923
cal:13:14,synthetic-judge,cal,sim,cal_task13,1,-4.5068039552833055
cal:13:15,synthetic-judge,cal,sim,cal_task13,0,0.9757168455674358
cal:13:16,synthetic-judge,cal,sim,cal_task13,0,-4.862084820240141
cal:13:17,synthetic-judge,cal,sim,cal_task13,0,1.1651153013287
cal:13:18,synthetic-judge,cal,sim,cal_task13,0,-4.462463159688789
cal:13:19,synthetic-judge,cal,sim,cal_task13,0,2.5483940248716173
cal:14:0,synthetic-judge,cal,sim,cal_task14,0,1.1894527444352423
cal:14:1,synthetic-judge,cal,sim,cal_task14,0,2.7431310235648265
cal:14:2,synthetic-judge,cal,sim,cal_task14,1,1.8484930964568362
cal:14:3,synthetic-judge,cal,sim,cal_task14,0,-1.6846627057987174
cal:14:4,synthetic-judge,cal,sim,cal_task14,1,2.0444777020540745
cal:14:5,synthetic-judge,cal,sim,cal_task14,1,6.415924460846061
cal:14:6,synthetic-judge,cal,sim,cal_task14,1,-0.19342452087781803
cal:14:7,synthetic-judge,cal,sim,cal_task14,0,0.7823660748183765
cal:14:8,synthetic-judge,cal,sim,cal_task14,0,-0.014756115052935392
cal:14:9,synthetic-judge,cal,sim,cal_task14,1,4.372792536641077
cal:14:10,synthetic-judge,cal,sim,cal_task14,1,3.852518988803091
cal:14:11,synthetic-judge,cal,sim,cal_task14,1,4.362106763555354
cal:14:12,synthetic-judge,cal,sim,cal_task14,0,0.8989977394276508
cal:14:13,synthetic-judge,cal,sim,cal_task14,1,-0.3346470341160639
cal:14:14,synthetic-judge,cal,sim,cal_task14,0,-2.161459926456721
cal:14:15,synthetic-judge,cal,sim,cal_task14,1,7.026945656654465
cal:14:16,synthetic-judge,cal,sim,cal_task14,1,1.6709645532397226
cal:14:17,synthetic-judge,cal,sim,cal_task14,1,4.013587364423498
cal:14:18,synthetic-judge,cal,sim,cal_task14,0,-2.6144020107620802
cal:14:19,synthetic-judge,cal,sim,cal_task14,0,0.4853513277342103
cal:15:0,synthetic-judge,cal,sim,cal_task15,1,-4.097362480416888
cal:15:1,synthetic-judge,cal,sim,cal_task15,0,-3.072731879406318
cal:15:2,synthetic-judge,cal,sim,cal_task15,0,-5.890101995301205
cal:15:3,synthetic-judge,cal,sim,cal_task15,0,-7.068395291596913
cal:15:4,synthetic-judge,cal,sim,cal_task15,0,-2.3200806786560144
cal:15:5,synthetic-judge,cal,sim,cal_task15,1,-2.943344054632068
cal:15:6,synthetic-judge,cal,sim,cal_task15,0,-2.8681328818435174
cal:15:7,synthetic-judge,cal,sim,cal_task15,1,7.739905550409871
cal:15:8,synthetic-judge,cal,sim,cal_task15,0,-3.2923679112877045
cal:15:9,synthetic-judge,cal,sim,cal_task15,0,-0.1783701124042283
cal:15:10,synthetic-judge,cal,sim,cal_task15,1,-1.011043240735267
cal:15:11,synthetic-judge,cal,sim,cal_task15,0,-5.010805385476607
cal:15:12,synthetic-judge,cal,sim,cal_task15,0,-13.919986544955291
cal:15:13,synthetic-judge,cal,sim,cal_task15,0,-4.044993804833315
cal:15:14,synthetic-judge,cal,sim,cal_task15,0,-5.314060334904493
cal:15:15,synthetic-judge,cal,sim,cal_task15,0,-3.33700637372673
cal:15:16,synthetic-judge,cal,sim,cal_task15,0,-12.391244256146079
cal:15:17,synthetic-judge,cal,sim,cal_task15,1,-3.654378803588036
cal:15:18,synthetic-judge,cal,sim,cal_task15,0,-0.8608782297077302
cal:15:19,synthetic-judge,cal,sim,cal_task15,1,-5.170326436790097
cal:16:0,synthetic-judge,cal,sim,cal_task16,0,-5.76539688341878
cal:16:1,synthetic-judge,cal,sim,cal_task16,1,-2.9905410442477383
cal:16:2,synthetic-judge,cal,sim,cal_task16,1,6.127046806112097
cal:16:3,synthetic-judge,cal,sim,cal_task16,0,-13.316029476903335
cal:16:4,synthetic-judge,cal,sim,cal_task16,0,-7.3357429110324315
cal:16:5,synthetic-judge,cal,sim,cal_task16,0,-1.0775707565675792
cal:16:6,synthetic-judge,cal,sim,cal_task16,0,-9.661030464115857
cal:16:7,synthetic-judge,cal,sim,cal_task16,0,-8.387748588093853
cal:16:8,synthetic-judge,cal,sim,cal_task16,1,2.8716372283393765
cal:16:9,synthetic-judge,cal,sim,cal_task16,1,2.047357959145952
cal:16:10,synthetic-judge,cal,sim,cal_task16,1,-1.6244758949892577
cal:16:11,synthetic-judge,cal,sim,cal_task16,0,-6.514032303220914
cal:16:12,synthetic-judge,cal,sim,cal_task16,0,-2.8644861736931215
cal:16:13,synthetic-judge,cal,sim,cal_task16,0,-2.8272381753402467
cal:16:14,synthetic-judge,cal,sim,cal_task16,0,-5.3456749251086295
cal:16:15,synthetic-judge,cal,sim,cal_task16,1,-0.34042824532606497
cal:16:16,synthetic-judge,cal,sim,cal_task16,0,-0.6484400017668417
cal:16:17,synthetic-judge,cal,sim,cal_task16,1,-0.7512903166115048
cal:16:18,synthetic-judge,cal,sim,cal_task16,0,-3.067434702069498
cal:16:19,synthetic-judge,cal,sim,cal_task16,0,-1.2397980288678827
cal:17:0,synthetic-judge,cal,sim,cal_task17,1,2.584986599690348
cal:17:1,synthetic-judge,cal,sim,cal_task17,1,0.8987631107834414
cal:17:2,synthetic-judge,cal,sim,cal_task17,0,4.564893831583634
cal:17:3,synthetic-judge,cal,sim,cal_task17,1,3.2884040872933245
cal:17:4,synthetic-judge,cal,sim,cal_task17,1,4.400811601905961
cal:17:5,synthetic-judge,cal,sim,cal_task17,1,1.6351516449789967
cal:17:6,synthetic-judge,cal,sim,cal_task17,0,-0.4821862315026747
cal:17:7,synthetic-judge,cal,sim,cal_task17,1,4.748302764387317
cal:17:8,synthetic-judge,cal,sim,cal_task17,1,2.00439154580877
cal:17:9,synthetic-judge,cal,sim,cal_task17,1,3.38721948207133
cal:17:10,synthetic-judge,cal,sim,cal_task17,1,7.907549786020279
cal:17:11,synthetic-judge,cal,sim,cal_task17,0,-1.2856428448597295
cal:17:12,synthetic-judge,cal,sim,cal_task17,1,-0.11857716196538767
cal:17:13,synthetic-judge,cal,sim,cal_task17,0,0.5783785150760188
cal:17:14,synthetic-judge,cal,sim,cal_task17,0,-5.412543639621093
cal:17:15,synthetic-judge,cal,sim,cal_task17,0,-4.936777964493371
cal:17:16,synthetic-judge,cal,sim,cal_task17,1,-2.5085817111787363
cal:17:17,synthetic-judge,cal,sim,cal_task17,1,1.695980253962981
cal:17:18,synthetic-judge,cal,sim,cal_task17,0,-1.1395697296851517
cal:17:19,synthetic-judge,cal,sim,cal_task17,1,6.552012269984914
cal:18:0,synthetic-judge,cal,sim,cal_task18,1,12.917940780206543
cal:18:1,synthetic-judge,cal,sim,cal_task18,1,6.397073873270589
cal:18:2,synthetic-judge,cal,sim,cal_task18,1,5.940377394865571
cal:18:3,synthetic-judge,cal,sim,cal_task18,1,5.3484118032553845
cal:18:4,synthetic-judge,cal,sim,cal_task18,1,6.169326871868643
cal:18:5,synthetic-judge,cal,sim,cal_task18,1,8.897400661817905
cal:18:6,synthetic-judge,cal,sim,cal_task18,1,-0.9051773663893377
cal:18:7,synthetic-judge,cal,sim,cal_task18,1,-0.10692082104671385
cal:18:8,synthetic-judge,cal,sim,cal_task18,1,5.87807492913379
cal:18:9,synthetic-judge,cal,sim,cal_task18,1,4.564325665241255
cal:18:10,synthetic-judge,cal,sim,cal_task18,1,4.650233099410965
cal:18:11,synthetic-judge,cal,sim,cal_task18,1,7.301278886962799
cal:18:12,synthetic-judge,cal,sim,cal_task18,1,8.0919651560001
cal:18:13,synthetic-judge,cal,sim,cal_task18,1,1.1992838993740706
cal:18:14,synthetic-judge,cal,sim,cal_task18,1,4.506664271653257
cal:18:15,synthetic-judge,cal,sim,cal_task18,0,1.7228879706526907
cal:18:16,synthetic-judge,cal,sim,cal_task18,1,7.495635718621993
cal:18:17,synthetic-judge,cal,sim,cal_task18,0,-1.5297815586154169
cal:18:18,synthetic-judge,cal,sim,cal_task18,1,6.491320038543412
cal:18:19,synthetic-judge,cal,sim,cal_task18,0,-0.1766860803137611
cal:19:0,synthetic-judge,cal,sim,cal_task19,0,-2.491181458207056
cal:19:1,synthetic-judge,cal,sim,cal_task19,1,1.160608592003007
cal:19:2,synthetic-judge,cal,sim,cal_task19,0,-0.19173369662058898
cal:19:3,synthetic-judge,cal,sim,cal_task19,0,-3.0938258813835513
cal:19:4,synthetic-judge,cal,sim,cal_task19,1,2.911784295454468
cal:19:5,synthetic-judge,cal,sim,cal_task19,0,-2.3805095029429904
cal:19:6,synthetic-judge,cal,sim,cal_task19,0,-1.9851730390182976
cal:19:7,synthetic-judge,cal,sim,cal_task19,1,4.19459847125518
cal:19:8,synthetic-judge,cal,sim,cal_task19,1,5.056865165776098
cal:19:9,synthetic-judge,cal,sim,cal_task19,0,-2.3487610541883797
cal:19:10,synthetic-judge,cal,sim,cal_task19,0,-3.7604359640275047
cal:19:11,synthetic-judge,cal,sim,cal_task19,0,0.5539256282214807
cal:19:12,synthetic-judge,cal,sim,cal_task19,1,6.512635723003334
cal:19:13,synthetic-judge,cal,sim,cal_task19,0,-6.447844273992789
cal:19:14,synthetic-judge,cal,sim,cal_task19,1,2.816637598268283
cal:19:15,synthetic-judge,cal,sim,cal_task19,0,-4.827586568416128
cal:19:16,synthetic-judge,cal,sim,cal_task19,1,5.256949247637745
cal:19:17,synthetic-judge,cal,sim,cal_task19,0,-6.2674005725855535
cal:19:18,synthetic-judge,cal,sim,cal_task19,0,-0.9652368117158883
cal:19:19,synthetic-judge,cal,sim,cal_task19,1,-2.0684585467988517
cal:20:0,synthetic-judge,cal,sim,cal_task20,0,-1.9979833427115454
cal:20:1,synthetic-judge,cal,sim,cal_task20,1,0.9562126605291503
cal:20:2,synthetic-judge,cal,sim,cal_task20,1,-4.439979976047585
cal:20:3,synthetic-judge,cal,sim,cal_task20,0,-0.23543851260839355
cal:20:4,synthetic-judge,cal,sim,cal_task20,1,3.232112627549118
cal:20:5,synthetic-judge,cal,sim,cal_task20,0,-5.002927356390492
cal:20:6,synthetic-judge,cal,sim,cal_task20,0,-13.225926523998552
cal:20:7,synthetic-judge,cal,sim,cal_task20,1,1.8663141201323459
cal:20:8,synthetic-judge,cal,sim,cal_task20,0,-6.45811052948843
cal:20:9,synthetic-judge,cal,sim,cal_task20,0,-5.3071423804842475
cal:20:10,synthetic-judge,cal,sim,cal_task20,1,-2.6996196000586608
cal:20:11,synthetic-judge,cal,sim,cal_task20,1,2.8948365584930973
cal:20:12,synthetic-judge,cal,sim,cal_task20,0,-1.601095156173858
cal:20:13,synthetic-judge,cal,sim,cal_task20,0,-4.997339357811676
cal:20:14,synthetic-judge,cal,sim,cal_task20,0,-4.3711878665322335
cal:20:15,synthetic-judge,cal,sim,cal_task20,0,-6.922923411530624
cal:20:16,synthetic-judge,cal,sim,cal_task20,1,-4.252818031211486
cal:20:17,synthetic-judge,cal,sim,cal_task20,0,-5.715477490161245
cal:20:18,synthetic-judge,cal,sim,cal_task20,0,-5.028761277741033
cal:20:19,synthetic-judge,cal,sim,cal_task20,0,-6.375586644275398
cal:21:0,synthetic-judge,cal,sim,cal_task21,1,4.109164341070545
cal:21:1,synthetic-judge,cal,sim,cal_task21,1,5.429110624177233
cal:21:2,synthetic-judge,cal,sim,cal_task21,1,-1.0057190546255352
cal:21:3,synthetic-judge,cal,sim,cal_task21,0,-1.9112272135872121
cal:21:4,synthetic-judge,cal,sim,cal_task21,1,4.135634667482217
cal:21:5,synthetic-judge,cal,sim,cal_task21,1,5.516097961388384
cal:21:6,synthetic-judge,cal,sim,cal_task21,1,10.168226743023718
cal:21:7,synthetic-judge,cal,sim,cal_task21,1,7.835060195693224
cal:21:8,synthetic-judge,cal,sim,cal_task21,0,1.8233961708232993
cal:21:9,synthetic-judge,cal,sim,cal_task21,0,-0.6054126757709263
cal:21:10,synthetic-judge,cal,sim,cal_task21,0,1.4647997709707141
cal:21:11,synthetic-judge,cal,sim,cal_task21,1,2.0904525956868882
cal:21:12,synthetic-judge,cal,sim,cal_task21,1,5.7874022455067875
cal:21:13,synthetic-judge,cal,sim,cal_task21,1,-3.527485079669876
cal:21:14,synthetic-judge,cal,sim,cal_task21,1,4.5376498771200575
cal:21:15,synthetic-judge,cal,sim,cal_task21,1,7.34466099302921
cal:21:16,synthetic-judge,cal,sim,cal_task21,1,2.349011295169118
cal:21:17,synthetic-judge,cal,sim,cal_task21,1,0.8352576291564092
cal:21:18,synthetic-judge,cal,sim,cal_task21,1,4.685319711756117
cal:21:19,synthetic-judge,cal,sim,cal_task21,1,2.7548211196197014
cal:22:0,synthetic-judge,cal,sim,cal_task22,0,-4.5636791720931775
cal:22:1,synthetic-judge,cal,sim,cal_task22,0,-1.8992350218389882
cal:22:2,synthetic-judge,cal,sim,cal_task22,1,6.463464728548612
cal:22:3,synthetic-judge,cal,sim,cal_task22,0,-3.9436386405429875
cal:22:4,synthetic-judge,cal,sim,cal_task22,0,1.0931676641080037
cal:22:5,synthetic-judge,cal,sim,cal_task22,1,8.08646779383521
cal:22:6,synthetic-judge,cal,sim,cal_task22,0,2.9057650649035427
cal:22:7,synthetic-judge,cal,sim,cal_task22,0,-6.597609693165877
cal:22:8,synthetic-judge,cal,sim,cal_task22,1,6.327184869672311
cal:22:9,synthetic-judge,cal,sim,cal_task22,1,0.7571947737722255
cal:22:10,synthetic-judge,cal,sim,cal_task22,1,5.112881882012366
cal:22:11,synthetic-judge,cal,sim,cal_task22,0,3.806101366438236
cal:22:12,synthetic-judge,cal,sim,cal_task22,1,-0.09621431382928125
cal:22:13,synthetic-judge,cal,sim,cal_task22,0,-8.011027487291585
cal:22:14,synthetic-judge,cal,sim,cal_task22,1,0.32307772605984153
cal:22:15,synthetic-judge,cal,sim,cal_task22,0,1.4917511813013826
cal:22:16,synthetic-judge,cal,sim,cal_task22,1,-0.9266050599929125
cal:22:17,synthetic-judge,cal,sim,cal_task22,0,-4.259076009558885
cal:22:18,synthetic-judge,cal,sim,cal_task22,1,8.845483639777308
cal:22:19,synthetic-judge,cal,sim,cal_task22,0,-5.003976604355342
cal:23:0,synthetic-judge,cal,sim,cal_task23,1,1.4340711964946813
cal:23:1,synthetic-judge,cal,sim,cal_task23,0,-7.984116470070017
cal:23:2,synthetic-judge,cal,sim,cal_task23,1,0.4311361305074488
cal:23:3,synthetic-judge,cal,sim,cal_task23,0,0.7913882350187125
cal:23:4,synthetic-judge,cal,sim,cal_task23,1,-1.6847233307886142
cal:23:5,synthetic-judge,cal,sim,cal_task23,1,-1.9141287983018942
cal:23:6,synthetic-judge,cal,sim,cal_task23,0,-5.887635443895954
cal:23:7,synthetic-judge,cal,sim,cal_task23,1,0.5620796973657254
cal:23:8,synthetic-judge,cal,sim,cal_task23,0,-5.415568962115755
cal:23:9,synthetic-judge,cal,sim,cal_task23,0,-3.6004261221118536
cal:23:10,synthetic-judge,cal,sim,cal_task23,0,-4.082303583504207
cal:23:11,synthetic-judge,cal,sim,cal_task23,1,-7.015554048747779
cal:23:12,synthetic-judge,cal,sim,cal_task23,1,4.835946971267779
cal:23:13,synthetic-judge,cal,sim,cal_task23,1,2.074235622241419
cal:23:14,synthetic-judge,cal,sim,cal_task23,1,3.5226220605291156
cal:23:15,synthetic-judge,cal,sim,cal_task23,0,-5.26183993506811
cal:23:16,synthetic-judge,cal,sim,cal_task23,0,-0.2524094824583136
cal:23:17,synthetic-judge,cal,sim,cal_task23,0,2.3714777228665267
cal:23:18,synthetic-judge,cal,sim,cal_task23,0,-5.736653898647942
cal:23:19,synthetic-judge,cal,sim,cal_task23,1,0.9753764788222936
cal:24:0,synthetic-judge,cal,sim,cal_task24,1,1.7668888556718811
cal:24:1,synthetic-judge,cal,sim,cal_task24,1,1.631836603490481
cal:24:2,synthetic-judge,cal,sim,cal_task24,1,2.23674193202458
cal:24:3,synthetic-judge,cal,sim,cal_task24,0,-4.045667508263727
cal:24:4,synthetic-judge,cal,sim,cal_task24,1,-2.1997058131678533
cal:24:5,synthetic-judge,cal,sim,cal_task24,1,-3.478250824977864
cal:24:6,synthetic-judge,cal,sim,cal_task24,0,-4.020787875778531
cal:24:7,synthetic-judge,cal,sim,cal_task24,0,-4.784475149215108
cal:24:8,synthetic-judge,cal,sim,cal_task24,0,-2.87021340122115
cal:24:9,synthetic-judge,cal,sim,cal_task24,0,0.6437770313137552
cal:24:10,synthetic-judge,cal,sim,cal_task24,0,-4.435717976163884
cal:24:11,synthetic-judge,cal,sim,cal_task24,1,0.10514479407255406
cal:24:12,synthetic-judge,cal,sim,cal_task24,0,2.276160518216813
cal:24:13,synthetic-judge,cal,sim,cal_task24,1,-2.679598136108816
cal:24:14,synthetic-judge,cal,sim,cal_task24,1,2.2009093749218462
cal:24:15,synthetic-judge,cal,sim,cal_task24,0,-3.7692587461816363
cal:24:16,synthetic-judge,cal,sim,cal_task24,1,-0.8639466022385343
cal:24:17,synthetic-judge,cal,sim,cal_task24,0,-0.5196059165668747
cal:24:18,synthetic-judge,cal,sim,cal_task24,0,-2.1204879671761434
cal:24:19,synthetic-judge,cal,sim,cal_task24,0,-6.610550045305968
cal:25:0,synthetic-judge,cal,sim,cal_task25,0,-4.011950002550616
cal:25:1,synthetic-judge,cal,sim,cal_task25,0,-2.2616340306485716
cal:25:2,synthetic-judge,cal,sim,cal_task25,1,-0.14096660441203712
cal:25:3,synthetic-judge,cal,sim,cal_task25,1,-1.3675566099230445
cal:25:4,synthetic-judge,cal,sim,cal_task25,0,-0.8971715940356294
cal:25:5,synthetic-judge,cal,sim,cal_task25,1,6.447732270666546
cal:25:6,synthetic-judge,cal,sim,cal_task25,1,4.883587403943947
cal:25:7,synthetic-judge,cal,sim,cal_task25,0,0.27862597531015076
cal:25:8,synthetic-judge,cal,sim,cal_task25,1,0.47366868727117195
cal:25:9,synthetic-judge,cal,sim,cal_task25,0,-5.080436221987273
cal:25:10,synthetic-judge,cal,sim,cal_task25,1,1.3015755254515842
cal:25:11,synthetic-judge,cal,sim,cal_task25,1,3.155710366332784
cal:25:12,synthetic-judge,cal,sim,cal_task25,0,-5.2676304152097515
cal:25:13,synthetic-judge,cal,sim,cal_task25,1,-1.5912530626506798
cal:25:14,synthetic-judge,cal,sim,cal_task25,0,-7.606188968074549
cal:25:15,synthetic-judge,cal,sim,cal_task25,1,3.806694476291752
cal:25:16,synthetic-judge,cal,sim,cal_task25,0,6.377829214069415
cal:25:17,synthetic-judge,cal,sim,cal_task25,1,1.3798069821127985
cal:25:18,synthetic-judge,cal,sim,cal_task25,1,0.16781601731735085
cal:25:19,synthetic-judge,cal,sim,cal_task25,0,-5.639112354651177
cal:26:0,synthetic-judge,cal,sim,cal_task26,1,6.590856161296389
cal:26:1,synthetic-judge,cal,sim,cal_task26,0,1.7669150422363016
cal:26:2,synthetic-judge,cal,sim,cal_task26,1,-1.954904246051405
cal:26:3,synthetic-judge,cal,sim,cal_task26,0,-3.050550056067936
cal:26:4,synthetic-judge,cal,sim,cal_task26,1,3.6915748308513345
cal:26:5,synthetic-judge,cal,sim,cal_task26,1,0.9577222547889587
cal:26:6,synthetic-judge,cal,sim,cal_task26,1,1.0415271604610443
cal:26:7,synthetic-judge,cal,sim,cal_task26,1,-0.28758036124302844
cal:26:8,synthetic-judge,cal,sim,cal_task26,0,-4.866509333190801
cal:26:9,synthetic-judge,cal,sim,cal_task26,1,2.2521084198620427
cal:26:10,synthetic-judge,cal,sim,cal_task26,1,9.70577963923638
cal:26:11,synthetic-judge,cal,sim,cal_task26,0,-3.2405615579344147
cal:26:12,synthetic-judge,cal,sim,cal_task26,0,-4.070851689747366
cal:26:13,synthetic-judge,cal,sim,cal_task26,0,-3.024525131488446
cal:26:14,synthetic-judge,cal,sim,cal_task26,1,3.81886423366465
cal:26:15,synthetic-judge,cal,sim,cal_task26,0,-7.359776936141851
cal:26:16,synthetic-judge,cal,sim,cal_task26,0,1.119782902285634
cal:26:17,synthetic-judge,cal,sim,cal_task26,1,-0.19210211132758853
cal:26:18,synthetic-judge,cal,sim,cal_task26,1,1.7441411278423056
cal:26:19,synthetic-judge,cal,sim,cal_task26,1,0.9539629369622167
cal:27:0,synthetic-judge,cal,sim,cal_task27,1,9.10163471214552
cal:27:1,synthetic-judge,cal,sim,cal_task27,1,4.0699617297855415
cal:27:2,synthetic-judge,cal,sim,cal_task27,1,0.21627775100553204
cal:27:3,synthetic-judge,cal,sim,cal_task27,1,5.331509666266464
cal:27:4,synthetic-judge,cal,sim,cal_task27,1,2.261431335421759
cal:27:5,synthetic-judge,cal,sim,cal_task27,1,-0.4951389528074299
cal:27:6,synthetic-judge,cal,sim,cal_task27,1,3.932670520630742
cal:27:7,synthetic-judge,cal,sim,cal_task27,1,-0.39203161932453034
cal:27:8,synthetic-judge,cal,sim,cal_task27,1,2.51656929667815
cal:27:9,synthetic-judge,cal,sim,cal_task27,0,-3.9697823567903567
cal:27:10,synthetic-judge,cal,sim,cal_task27,1,10.239731108743557
cal:27:11,synthetic-judge,cal,sim,cal_task27,0,-6.222194979937155
cal:27:12,synthetic-judge,cal,sim,cal_task27,1,2.6231685826217426
cal:27:13,synthetic-judge,cal,sim,cal_task27,0,-4.45278155723162
cal:27:14,synthetic-judge,cal,sim,cal_task27,1,-1.5781646661096695
cal:27:15,synthetic-judge,cal,sim,cal_task27,1,8.468498556494273
cal:27:16,synthetic-judge,cal,sim,cal_task27,1,2.612754579028114
cal:27:17,synthetic-judge,cal,sim,cal_task27,0,-0.2094746838593058
cal:27:18,synthetic-judge,cal,sim,cal_task27,0,-5.648329727403649
cal:27:19,synthetic-judge,cal,sim,cal_task27,0,-3.451260170454474
cal:28:0,synthetic-judge,cal,sim,cal_task28,1,0.07307104059381342
cal:28:1,synthetic-judge,cal,sim,cal_task28,1,0.7889706920758731
cal:28:2,synthetic-judge,cal,sim,cal_task28,0,-12.229384862821139
cal:28:3,synthetic-judge,cal,sim,cal_task28,0,-3.3345701054000156
cal:28:4,synthetic-judge,cal,sim,cal_task28,0,-2.2915813020577334
cal:28:5,synthetic-judge,cal,sim,cal_task28,0,-0.9532816493300744
cal:28:6,synthetic-judge,cal,sim,cal_task28,0,-5.231125093463508
cal:28:7,synthetic-judge,cal,sim,cal_task28,1,0.8509756440797475
cal:28:8,synthetic-judge,cal,sim,cal_task28,1,-0.037257481607170906
cal:28:9,synthetic-judge,cal,sim,cal_task28,1,1.1453265231846212
cal:28:10,synthetic-judge,cal,sim,cal_task28,1,0.7716735996502438
cal:28:11,synthetic-judge,cal,sim,cal_task28,0,-1.3933894341460267
cal:28:12,synthetic-judge,cal,sim,cal_task28,1,4.089988183002695
cal:28:13,synthetic-judge,cal,sim,cal_task28,1,-2.462751924867594
cal:28:14,synthetic-judge,cal,sim,cal_task28,1,2.1420376531891576
cal:28:15,synthetic-judge,cal,sim,cal_task28,0,-0.6784284144057787
cal:28:16,synthetic-judge,cal,sim,cal_task28,1,1.8333465223013632
cal:28:17,synthetic-judge,cal,sim,cal_task28,1,0.44682701379170287
cal:28:18,synthetic-judge,cal,sim,cal_task28,1,5.688872031540445
cal:28:19,synthetic-judge,cal,sim,cal_task28,0,1.256805074074859
cal:29:0,synthetic-judge,cal,sim,cal_task29,1,-2.528220352876516
cal:29:1,synthetic-judge,cal,sim,cal_task29,1,5.493753497737503
cal:29:2,synthetic-judge,cal,sim,cal_task29,0,-2.911635549990756
cal:29:3,synthetic-judge,cal,sim,cal_task29,1,-0.43916443568291585
cal:29:4,synthetic-judge,cal,sim,cal_task29,0,-2.924218876430515
cal:29:5,synthetic-judge,cal,sim,cal_task29,1,-0.07263667871918722
cal:29:6,synthetic-judge,cal,sim,cal_task29,1,-0.07334541664967897
cal:29:7,synthetic-judge,cal,sim,cal_task29,1,1.3792623961791404
cal:29:8,synthetic-judge,cal,sim,cal_task29,1,7.440539994411253
cal:29:9,synthetic-judge,cal,sim,cal_task29,0,-3.8610444026024777
cal:29:10,synthetic-judge,cal,sim,cal_task29,1,-1.2251568010358902
cal:29:11,synthetic-judge,cal,sim,cal_task29,0,-5.338033303502355
cal:29:12,synthetic-judge,cal,sim,cal_task29,1,7.16480343977587
cal:29:13,synthetic-judge,cal,sim,cal_task29,1,-1.6053352684650766
cal:29:14,synthetic-judge,cal,sim,cal_task29,1,0.12962071580633028
cal:29:15,synthetic-judge,cal,sim,cal_task29,0,1.8172160902839825
cal:29:16,synthetic-judge,cal,sim,cal_task29,1,9.025930072067915
cal:29:17,synthetic-judge,cal,sim,cal_task29,1,5.669549579877122
cal:29:18,synthetic-judge,cal,sim,cal_task29,1,-0.04722346968004043
cal:29:19,synthetic-judge,cal,sim,cal_task29,1,4.131456574120057
test_id:0:0,synthetic-judge,test_id,sim,test_id_task0,0,3.405857164007229
test_id:0:1,synthetic-judge,test_id,sim,test_id_task0,1,4.338809219677778
test_id:0:2,synthetic-judge,test_id,sim,test_id_task0,1,4.426107106946395
test_id:0:3,synthetic-judge,test_id,sim,test_id_task0,0,-2.8908057009907795
test_id:0:4,synthetic-judge,test_id,sim,test_id_task0,0,-1.642739523862855
test_id:0:5,synthetic-judge,test_id,sim,test_id_task0,1,6.553146965341353
test_id:0:6,synthetic-judge,test_id,sim,test_id_task0,0,-1.7296409752387008
test_id:0:7,synthetic-judge,test_id,sim,test_id_task0,1,3.9501790210963055
test_id:0:8,synthetic-judge,test_id,sim,test_id_task0,1,4.801579503899488
test_id:0:9,synthetic-judge,test_id,sim,test_id_task0,1,3.1123488357449025
test_id:0:10,synthetic-judge,test_id,sim,test_id_task0,1,0.6482884854128552
test_id:0:11,synthetic-judge,test_id,sim,test_id_task0,0,-3.1096491206585135
test_id:0:12,synthetic-judge,test_id,sim,test_id_task0,1,1.7842175470290904
test_id:0:13,synthetic-judge,test_id,sim,test_id_task0,1,0.42992838431319647
test_id:0:14,synthetic-judge,test_id,sim,test_id_task0,0,-3.5921581253652297
test_id:0:15,synthetic-judge,test_id,sim,test_id_task0,1,1.8701671179172954
test_id:0:16,synthetic-judge,test_id,sim,test_id_task0,0,1.2393762519493519
test_id:0:17,synthetic-judge,test_id,sim,test_id_task0,0,-6.296816442190054
test_id:0:18,synthetic-judge,test_id,sim,test_id_task0,1,0.9006828545284198
test_id:0:19,synthetic-judge,test_id,sim,test_id_task0,0,-2.031416358647059
test_id:1:0,synthetic-judge,test_id,sim,test_id_task1,0,-8.315532714410963
test_id:1:1,synthetic-judge,test_id,sim,test_id_task1,1,4.129937063678668
test_id:1:2,synthetic-judge,test_id,sim,test_id_task1,0,-2.977644925754669
test_id:1:3,synthetic-judge,test_id,sim,test_id_task1,0,-2.9119712155609774
test_id:1:4,synthetic-judge,test_id,sim,test_id_task1,0,-6.083690608143676
test_id:1:5,synthetic-judge,test_id,sim,test_id_task1,1,3.27526131647397
test_id:1:6,synthetic-judge,test_id,sim,test_id_task1,0,-1.8425537705777875
test_id:1:7,synthetic-judge,test_id,sim,test_id_task1,1,-1.2069525695573584
test_id:1:8,synthetic-judge,test_id,sim,test_id_task1,0,-8.648919111166402
test_id:1:9,synthetic-judge,test_id,sim,test_id_task1,1,-6.1504654704788
test_id:1:10,synthetic-judge,test_id,sim,test_id_task1,0,-2.7324855473447283
test_id:1:11,synthetic-judge,test_id,sim,test_id_task1,0,-8.25834605383469
test_id:1:12,synthetic-judge,test_id,sim,test_id_task1,0,-0.6572106704796762
test_id:1:13,synthetic-judge,test_id,sim,test_id_task1,1,5.183525473825059
test_id:1:14,synthetic-judge,test_id,sim,test_id_task1,1,1.5123005829938034
test_id:1:15,synthetic-judge,test_id,sim,test_id_task1,1,5.553111671144368
test_id:1:16,synthetic-judge,test_id,sim,test_id_task1,1,-1.7281915989911651
test_id:1:17,synthetic-judge,test_id,sim,test_id_task1,1,0.5254566040196773
test_id:1:18,synthetic-judge,test_id,sim,test_id_task1,0,-5.702825104531742
test_id:1:19,synthetic-judge,test_id,sim,test_id_task1,1,0.728909337888402
test_id:2:0,synthetic-judge,test_id,sim,test_id_task2,1,1.0867764480469817
test_id:2:1,synthetic-judge,test_id,sim,test_id_task2,0,-9.222436601074422
test_id:2:2,synthetic-judge,test_id,sim,test_id_task2,1,3.4766947395858327
test_id:2:3,synthetic-judge,test_id,sim,test_id_task2,1,-0.014260610144450792
test_id:2:4,synthetic-judge,test_id,sim,test_id_task2,1,0.924636159260302
test_id:2:5,synthetic-judge,test_id,sim,test_id_task2,0,-2.33583829999636
test_id:2:6,synthetic-judge,test_id,sim,test_id_task2,0,-4.976605953685532
test_id:2:7,synthetic-judge,test_id,sim,test_id_task2,0,-4.715766482424191
test_id:2:8,synthetic-judge,test_id,sim,test_id_task2,1,2.6075376642794437
test_id:2:9,synthetic-judge,test_id,sim,test_id_task2,0,-7.875312934302142
test_id:2:10,synthetic-judge,test_id,sim,test_id_task2,1,-1.7991315642413443
test_id:2:11,synthetic-judge,test_id,sim,test_id_task2,1,5.349907944953394
test_id:2:12,synthetic-judge,test_id,sim,test_id_task2,0,-1.9210867956246007
test_id:2:13,synthetic-judge,test_id,sim,test_id_task2,0,-1.560908511200557
test_id:2:14,synthetic-judge,test_id,sim,test_id_task2,0,-4.842530204099194
test_id:2:15,synthetic-judge,test_id,sim,test_id_task2,1,6.898110340286162
test_id:2:16,synthetic-judge,test_id,sim,test_id_task2,1,4.884659384995259
test_id:2:17,synthetic-judge,test_id,sim,test_id_task2,1,4.467234951234185
test_id:2:18,synthetic-judge,test_id,sim,test_id_task2,0,-8.606912616707758
test_id:2:19,synthetic-judge,test_id,sim,test_id_task2,1,1.1453531918180704
test_id:3:0,synthetic-judge,test_id,sim,test_id_task3,0,-8.961762045576904
test_id:3:1,synthetic-judge,test_id,sim,test_id_task3,1,-2.300851294985857
test_id:3:2,synthetic-judge,test_id,sim,test_id_task3,1,6.2610434400815365
test_id:3:3,synthetic-judge,test_id,sim,test_id_task3,0,-3.6146390097042636
test_id:3:4,synthetic-judge,test_id,sim,test_id_task3,1,3.1161697175325744
test_id:3:5,synthetic-judge,test_id,sim,test_id_task3,0,-1.323274660323757
test_id:3:6,synthetic-judge,test_id,sim,test_id_task3,0,-7.612318209899605
test_id:3:7,synthetic-judge,test_id,sim,test_id_task3,0,-0.4553022388320871
test_id:3:8,synthetic-judge,test_id,sim,test_id_task3,1,5.561744649288595
test_id:3:9,synthetic-judge,test_id,sim,test_id_task3,0,-5.449300642812434
test_id:3:10,synthetic-judge,test_id,sim,test_id_task3,0,-10.307948006902334
test_id:3:11,synthetic-judge,test_id,sim,test_id_task3,1,3.8129993762819674
test_id:3:12,synthetic-judge,test_id,sim,test_id_task3,1,5.725322227240968
test_id:3:13,synthetic-judge,test_id,sim,test_id_task3,0,-2.7507084717546157
test_id:3:14,synthetic-judge,test_id,sim,test_id_task3,1,-4.423891607635175
test_id:3:15,synthetic-judge,test_id,sim,test_id_task3,1,0.9659749108321822
test_id:3:16,synthetic-judge,test_id,sim,test_id_task3,1,3.072310749712021
test_id:3:17,synthetic-judge,test_id,sim,test_id_task3,0,-0.32717727911426553
test_id:3:18,synthetic-judge,test_id,sim,test_id_task3,0,-1.8430317913131404
test_id:3:19,synthetic-judge,test_id,sim,test_id_task3,1,-3.5251155384718498
test_id:4:0,synthetic-judge,test_id,sim,test_id_task4,0,-4.849050262470796
test_id:4:1,synthetic-judge,test_id,sim,test_id_task4,0,-5.891219341742276
test_id:4:2,synthetic-judge,test_id,sim,test_id_task4,0,-6.071635754894277
test_id:4:3,synthetic-judge,test_id,sim,test_id_task4,0,-4.076747095760615
test_id:4:4,synthetic-judge,test_id,sim,test_id_task4,0,4.952710271829279
test_id:4:5,synthetic-judge,test_id,sim,test_id_task4,1,0.3801454124141123
test_id:4:6,synthetic-judge,test_id,sim,test_id_task4,0,-2.6534363614705865
test_id:4:7,synthetic-judge,test_id,sim,test_id_task4,1,3.69369629334029
test_id:4:8,synthetic-judge,test_id,sim,test_id_task4,1,2.5812962745567076
test_id:4:9,synthetic-judge,test_id,sim,test_id_task4,1,0.06211245687261793
test_id:4:10,synthetic-judge,test_id,sim,test_id_task4,1,-1.9288558680683103
test_id:4:11,synthetic-judge,test_id,sim,test_id_task4,0,-2.165762223693223
test_id:4:12,synthetic-judge,test_id,sim,test_id_task4,1,4.19806741226934
test_id:4:13,synthetic-judge,test_id,sim,test_id_task4,0,-0.8556642433894841
test_id:4:14,synthetic-judge,test_id,sim,test_id_task4,1,-1.8491620099013442
test_id:4:15,synthetic-judge,test_id,sim,test_id_task4,0,-5.873478014649624
test_id:4:16,synthetic-judge,test_id,sim,test_id_task4,1,1.6593913459839211
test_id:4:17,synthetic-judge,test_id,sim,test_id_task4,0,1.340009851769048
test_id:4:18,synthetic-judge,test_id,sim,test_id_task4,0,-4.858404599165809
test_id:4:19,synthetic-judge,test_id,sim,test_id_task4,0,-0.6550013177621531
test_id:5:0,synthetic-judge,test_id,sim,test_id_task5,1,-6.206084831418186
test_id:5:1,synthetic-judge,test_id,sim,test_id_task5,1,-3.359992751744029
test_id:5:2,synthetic-judge,test_id,sim,test_id_task5,0,-4.222655511596799
test_id:5:3,synthetic-judge,test_id,sim,test_id_task5,1,0.8943806053261614
test_id:5:4,synthetic-judge,test_id,sim,test_id_task5,0,1.309892201452236
test_id:5:5,synthetic-judge,test_id,sim,test_id_task5,0,-5.075450810377204
test_id:5:6,synthetic-judge,test_id,sim,test_id_task5,1,0.32713175691122776
test_id:5:7,synthetic-judge,test_id,sim,test_id_task5,0,-0.3728528200737179
test_id:5:8,synthetic-judge,test_id,sim,test_id_task5,0,-3.7276472888541994
test_id:5:9,synthetic-judge,test_id,sim,test_id_task5,1,3.9537317688362963
test_id:5:10,synthetic-judge,test_id,sim,test_id_task5,1,2.518474333115094
test_id:5:11,synthetic-judge,test_id,sim,test_id_task5,1,5.994729707118199
test_id:5:12,synthetic-judge,test_id,sim,test_id_task5,0,-3.0797068895778668
test_id:5:13,synthetic-judge,test_id,sim,test_id_task5,0,-1.8145572373338887
test_id:5:14,synthetic-judge,test_id,sim,test_id_task5,1,3.8456856527443692
test_id:5:15,synthetic-judge,test_id,sim,test_id_task5,1,3.6927090849527335
test_id:5:16,synthetic-judge,test_id,sim,test_id_task5,0,-7.425844019075183
test_id:5:17,synthetic-judge,test_id,sim,test_id_task5,0,-2.0906711363189423
test_id:5:18,synthetic-judge,test_id,sim,test_id_task5,1,-3.660437573462519
test_id:5:19,synthetic-judge,test_id,sim,test_id_task5,1,5.5561556248087935
test_id:6:0,synthetic-judge,test_id,sim,test_id_task6,0,-5.280593706375437
test_id:6:1,synthetic-judge,test_id,sim,test_id_task6,0,-4.165739412700197
test_id:6:2,synthetic-judge,test_id,sim,test_id_task6,1,4.931912868930026
test_id:6:3,synthetic-judge,test_id,sim,test_id_task6,0,-4.070130597299314
test_id:6:4,synthetic-judge,test_id,sim,test_id_task6,1,-0.4949658595118023
test_id:6:5,synthetic-judge,test_id,sim,test_id_task6,0,-3.5878859746571585
test_id:6:6,synthetic-judge,test_id,sim,test_id_task6,1,6.989899558476602
test_id:6:7,synthetic-judge,test_id,sim,test_id_task6,1,-0.32143038934319645
test_id:6:8,synthetic-judge,test_id,sim,test_id_task6,1,-3.2515158182470483
test_id:6:9,synthetic-judge,test_id,sim,test_id_task6,1,-0.8122964895261022
test_id:6:10,synthetic-judge,test_id,sim,test_id_task6,0,-4.339520592216066
test_id:6:11,synthetic-judge,test_id,sim,test_id_task6,1,0.3384233473207774
test_id:6:12,synthetic-judge,test_id,sim,test_id_task6,0,-8.079439198032395
test_id:6:13,synthetic-judge,test_id,sim,test_id_task6,0,-9.003698042959659
test_id:6:14,synthetic-judge,test_id,sim,test_id_task6,0,-2.717046253390391
test_id:6:15,synthetic-judge,test_id,sim,test_id_task6,0,-2.00175159913969
test_id:6:16,synthetic-judge,test_id,sim,test_id_task6,1,3.502378582734517
test_id:6:17,synthetic-judge,test_id,sim,test_id_task6,1,-2.4228616192347836
test_id:6:18,synthetic-judge,test_id,sim,test_id_task6,0,-4.9676808452242005
test_id:6:19,synthetic-judge,test_id,sim,test_id_task6,0,3.28969103526261
test_id:7:0,synthetic-judge,test_id,sim,test_id_task7,0,-1.7765444704435107
test_id:7:1,synthetic-judge,test_id,sim,test_id_task7,0,0.48774998542979525
test_id:7:2,synthetic-judge,test_id,sim,test_id_task7,0,-1.8797889233607528
test_id:7:3,synthetic-judge,test_id,sim,test_id_task7,0,-6.2742072697042515
test_id:7:4,synthetic-judge,test_id,sim,test_id_task7,0,-1.7390417135691223
test_id:7:5,synthetic-judge,test_id,sim,test_id_task7,1,5.266066326397061
test_id:7:6,synthetic-judge,test_id,sim,test_id_task7,0,-3.166778079009978
test_id:7:7,synthetic-judge,test_id,sim,test_id_task7,0,-5.448067705105283
test_id:7:8,synthetic-judge,test_id,sim,test_id_task7,0,-2.698009891276105
test_id:7:9,synthetic-judge,test_id,sim,test_id_task7,1,6.389668953458238
test_id:7:10,synthetic-judge,test_id,sim,test_id_task7,1,8.843499937625664
test_id:7:11,synthetic-judge,test_id,sim,test_id_task7,1,2.447365921180978
test_id:7:12,synthetic-judge,test_id,sim,test_id_task7,1,6.092301617668942
test_id:7:13,synthetic-judge,test_id,sim,test_id_task7,0,-4.564430082552999
test_id:7:14,synthetic-judge,test_id,sim,test_id_task7,0,-7.6471736799662136
test_id:7:15,synthetic-judge,test_id,sim,test_id_task7,1,3.1233777705172656
test_id:7:16,synthetic-judge,test_id,sim,test_id_task7,0,0.016364239787731494
test_id:7:17,synthetic-judge,test_id,sim,test_id_task7,1,-4.002935131274674
test_id:7:18,synthetic-judge,test_id,sim,test_id_task7,1,1.2762024044386242
test_id:7:19,synthetic-judge,test_id,sim,test_id_task7,1,6.552387907376499
test_id:8:0,synthetic-judge,test_id,sim,test_id_task8,1,2.893195226944334
test_id:8:1,synthetic-judge,test_id,sim,test_id_task8,0,1.5458509398421318
test_id:8:2,synthetic-judge,test_id,sim,test_id_task8,0,-4.068608871547983
test_id:8:3,synthetic-judge,test_id,sim,test_id_task8,0,-2.591062572921044
test_id:8:4,synthetic-judge,test_id,sim,test_id_task8,0,5.405136815488081
test_id:8:5,synthetic-judge,test_id,sim,test_id_task8,0,-6.754742765310272
test_id:8:6,synthetic-judge,test_id,sim,test_id_task8,0,1.4585531955975655
test_id:8:7,synthetic-judge,test_id,sim,test_id_task8,0,-7.174596798472496
test_id:8:8,synthetic-judge,test_id,sim,test_id_task8,1,0.2661414232439894
test_id:8:9,synthetic-judge,test_id,sim,test_id_task8,0,-3.01510797478264
test_id:8:10,synthetic-judge,test_id,sim,test_id_task8,0,-1.7736106910711933
test_id:8:11,synthetic-judge,test_id,sim,test_id_task8,0,-4.916150459531758
test_id:8:12,synthetic-judge,test_id,sim,test_id_task8,1,4.785830658146352
test_id:8:13,synthetic-judge,test_id,sim,test_id_task8,1,5.15900162440858
test_id:8:14,synthetic-judge,test_id,sim,test_id_task8,1,2.7973712554111834
test_id:8:15,synthetic-judge,test_id,sim,test_id_task8,0,-0.0066587075966667575
test_id:8:16,synthetic-judge,test_id,sim,test_id_task8,0,0.871259315127811
test_id:8:17,synthetic-judge,test_id,sim,test_id_task8,0,-2.754086820432957
test_id:8:18,synthetic-judge,test_id,sim,test_id_task8,0,-0.28257401059330606
test_id:8:19,synthetic-judge,test_id,sim,test_id_task8,0,-6.524244901191977
test_id:9:0,synthetic-judge,test_id,sim,test_id_task9,1,-1.909459587396413
test_id:9:1,synthetic-judge,test_id,sim,test_id_task9,1,1.9424961746782048
test_id:9:2,synthetic-judge,test_id,sim,test_id_task9,0,-9.111026435292262
test_id:9:3,synthetic-judge,test_id,sim,test_id_task9,0,-11.530655515179069
test_id:9:4,synthetic-judge,test_id,sim,test_id_task9,0,1.6223149433670498
test_id:9:5,synthetic-judge,test_id,sim,test_id_task9,1,0.439758819345236
test_id:9:6,synthetic-judge,test_id,sim,test_id_task9,1,1.5999746277855895
test_id:9:7,synthetic-judge,test_id,sim,test_id_task9,0,-5.005797427990853
test_id:9:8,synthetic-judge,test_id,sim,test_id_task9,0,-2.094578336048105
test_id:9:9,synthetic-judge,test_id,sim,test_id_task9,0,-3.5213476312472816
test_id:9:10,synthetic-judge,test_id,sim,test_id_task9,1,0.462359017246041
test_id:9:11,synthetic-judge,test_id,sim,test_id_task9,0,-3.3668411079427827
test_id:9:12,synthetic-judge,test_id,sim,test_id_task9,0,-2.724040164120492
test_id:9:13,synthetic-judge,test_id,sim,test_id_task9,0,1.5795147960657758
test_id:9:14,synthetic-judge,test_id,sim,test_id_task9,0,2.8602318364206916
test_id:9:15,synthetic-judge,test_id,sim,test_id_task9,1,-6.143017602705791
test_id:9:16,synthetic-judge,test_id,sim,test_id_task9,0,-4.952556692300092
test_id:9:17,synthetic-judge,test_id,sim,test_id_task9,0,-3.1317807050445348
test_id:9:18,synthetic-judge,test_id,sim,test_id_task9,1,1.5976447890755325
test_id:9:19,synthetic-judge,test_id,sim,test_id_task9,0,0.01706681731956261
test_id:10:0,synthetic-judge,test_id,sim,test_id_task10,0,-1.6632498479975515
test_id:10:1,synthetic-judge,test_id,sim,test_id_task10,1,4.867497323114954
test_id:10:2,synthetic-judge,test_id,sim,test_id_task10,0,-2.216678862011347
test_id:10:3,synthetic-judge,test_id,sim,test_id_task10,0,-5.054463464456532
test_id:10:4,synthetic-judge,test_id,sim,test_id_task10,1,-0.4683859273635914
test_id:10:5,synthetic-judge,test_id,sim,test_id_task10,1,-0.5892673801731808
test_id:10:6,synthetic-judge,test_id,sim,test_id_task10,1,1.3938890588701505
test_id:10:7,synthetic-judge,test_id,sim,test_id_task10,1,0.7916502395384979
test_id:10:8,synthetic-judge,test_id,sim,test_id_task10,1,0.22848119221328542
test_id:10:9,synthetic-judge,test_id,sim,test_id_task10,1,1.5882250491940053
test_id:10:10,synthetic-judge,test_id,sim,test_id_task10,0,0.05382537678313504
test_id:10:11,synthetic-judge,test_id,sim,test_id_task10,1,0.38233013609159194
test_id:10:12,synthetic-judge,test_id,sim,test_id_task10,1,-2.32806562741694
test_id:10:13,synthetic-judge,test_id,sim,test_id_task10,0,-8.574220658233825
test_id:10:14,synthetic-judge,test_id,sim,test_id_task10,0,1.3407024307877526
test_id:10:15,synthetic-judge,test_id,sim,test_id_task10,1,-1.4266781879721837
test_id:10:16,synthetic-judge,test_id,sim,test_id_task10,0,1.0431645936742846
test_id:10:17,synthetic-judge,test_id,sim,test_id_task10,0,2.6811585803310467
test_id:10:18,synthetic-judge,test_id,sim,test_id_task10,1,2.127291930123395
test_id:10:19,synthetic-judge,test_id,sim,test_id_task10,1,-2.255353338131874
test_id:11:0,synthetic-judge,test_id,sim,test_id_task11,1,1.0967405836082782
test_id:11:1,synthetic-judge,test_id,sim,test_id_task11,0,-8.431200920811829
test_id:11:2,synthetic-judge,test_id,sim,test_id_task11,1,-3.317839630391693
test_id:11:3,synthetic-judge,test_id,sim,test_id_task11,1,-0.599760735929022
test_id:11:4,synthetic-judge,test_id,sim,test_id_task11,0,-6.672067416116324
test_id:11:5,synthetic-judge,test_id,sim,test_id_task11,0,-5.282126707813844
test_id:11:6,synthetic-judge,test_id,sim,test_id_task11,0,-1.9724742394983634
test_id:11:7,synthetic-judge,test_id,sim,test_id_task11,1,-0.675836699320207
test_id:11:8,synthetic-judge,test_id,sim,test_id_task11,1,4.433094303789952
test_id:11:9,synthetic-judge,test_id,sim,test_id_task11,0,-4.237083519355569
test_id:11:10,synthetic-judge,test_id,sim,test_id_task11,1,1.8510790436900426
test_id:11:11,synthetic-judge,test_id,sim,test_id_task11,0,-8.888108875421018
test_id:11:12,synthetic-judge,test_id,sim,test_id_task11,1,-8.213266518240005
test_id:11:13,synthetic-judge,test_id,sim,test_id_task11,0,-4.185323887436775
test_id:11:14,synthetic-judge,test_id,sim,test_id_task11,0,-5.436335686066559
test_id:11:15,synthetic-judge,test_id,sim,test_id_task11,0,-5.561437627480096
test_id:11:16,synthetic-judge,test_id,sim,test_id_task11,0,-8.694157683918382
test_id:11:17,synthetic-judge,test_id,sim,test_id_task11,0,-1.3988130765096622
test_id:11:18,synthetic-judge,test_id,sim,test_id_task11,0,0.11942182684454972
test_id:11:19,synthetic-judge,test_id,sim,test_id_task11,0,-4.10197073886676
test_id:12:0,synthetic-judge,test_id,sim,test_id_task12,1,-2.9620801897368016
test_id:12:1,synthetic-judge,test_id,sim,test_id_task12,0,-2.6074893484291155
test_id:12:2,synthetic-judge,test_id,sim,test_id_task12,1,-2.387112740399977
test_id:12:3,synthetic-judge,test_id,sim,test_id_task12,0,-0.7663761434704331
test_id:12:4,synthetic-judge,test_id,sim,test_id_task12,0,-4.354748752061707
test_id:12:5,synthetic-judge,test_id,sim,test_id_task12,0,1.7320041076482875
test_id:12:6,synthetic-judge,test_id,sim,test_id_task12,0,-5.399196680335896
test_id:12:7,synthetic-judge,test_id,sim,test_id_task12,1,-0.2978010608419667
test_id:12:8,synthetic-judge,test_id,sim,test_id_task12,1,7.361713819697394
test_id:12:9,synthetic-judge,test_id,sim,test_id_task12,1,5.817263290818809
test_id:12:10,synthetic-judge,test_id,sim,test_id_task12,1,6.351610660512764
test_id:12:11,synthetic-judge,test_id,sim,test_id_task12,1,1.7385183899879912
test_id:12:12,synthetic-judge,test_id,sim,test_id_task12,1,2.311939504883347
test_id:12:13,synthetic-judge,test_id,sim,test_id_task12,0,-5.430931424112091
test_id:12:14,synthetic-judge,test_id,sim,test_id_task12,0,-1.9547512449371738
test_id:12:15,synthetic-judge,test_id,sim,test_id_task12,0,-2.5851942681298166
test_id:12:16,synthetic-judge,test_id,sim,test_id_task12,0,-2.2570028714422485
test_id:12:17,synthetic-judge,test_id,sim,test_id_task12,1,4.711180328547776
test_id:12:18,synthetic-judge,test_id,sim,test_id_task12,0,-8.432568037519333
test_id:12:19,synthetic-judge,test_id,sim,test_id_task12,1,4.290608443719778
test_id:13:0,synthetic-judge,test_id,sim,test_id_task13,0,-5.56648492120728
test_id:13:1,synthetic-judge,test_id,sim,test_id_task13,0,3.9547574510254186
test_id:13:2,synthetic-judge,test_id,sim,test_id_task13,1,2.8038845978956135
test_id:13:3,synthetic-judge,test_id,sim,test_id_task13,0,-6.167363936040791
test_id:13:4,synthetic-judge,test_id,sim,test_id_task13,0,-8.622318575197713
test_id:13:5,synthetic-judge,test_id,sim,test_id_task13,1,1.9968641626592722
test_id:13:6,synthetic-judge,test_id,sim,test_id_task13,0,-1.22202342986331
test_id:13:7,synthetic-judge,test_id,sim,test_id_task13,1,5.043136551033967
test_id:13:8,synthetic-judge,test_id,sim,test_id_task13,0,-10.023536657437674
test_id:13:9,synthetic-judge,test_id,sim,test_id_task13,1,-1.9686150454680618
test_id:13:10,synthetic-judge,test_id,sim,test_id_task13,0,-2.096610979787207
test_id:13:11,synthetic-judge,test_id,sim,test_id_task13,0,0.4007926850437691
test_id:13:12,synthetic-judge,test_id,sim,test_id_task13,1,-0.7354418157023829
test_id:13:13,synthetic-judge,test_id,sim,test_id_task13,1,-1.7304206748526438
test_id:13:14,synthetic-judge,test_id,sim,test_id_task13,1,-4.767425854791598
test_id:13:15,synthetic-judge,test_id,sim,test_id_task13,0,-0.614711845473736
test_id:13:16,synthetic-judge,test_id,sim,test_id_task13,1,-3.140771015986863
test_id:13:17,synthetic-judge,test_id,sim,test_id_task13,0,-2.1606213299677797
test_id:13:18,synthetic-judge,test_id,sim,test_id_task13,0,-1.3684517181727325
test_id:13:19,synthetic-judge,test_id,sim,test_id_task13,0,-6.762723250204901
test_id:14:0,synthetic-judge,test_id,sim,test_id_task14,1,5.71033797350806
test_id:14:1,synthetic-judge,test_id,sim,test_id_task14,1,4.196378556106591
test_id:14:2,synthetic-judge,test_id,sim,test_id_task14,0,-0.1403321297058045
test_id:14:3,synthetic-judge,test_id,sim,test_id_task14,1,-3.0012370326650966
test_id:14:4,synthetic-judge,test_id,sim,test_id_task14,0,-3.8338881815913877
test_id:14:5,synthetic-judge,test_id,sim,test_id_task14,0,-2.6226596940540974
test_id:14:6,synthetic-judge,test_id,sim,test_id_task14,0,2.2208109954181805
test_id:14:7,synthetic-judge,test_id,sim,test_id_task14,0,-1.2459805040565417
test_id:14:8,synthetic-judge,test_id,sim,test_id_task14,0,-3.5876906989686086
test_id:14:9,synthetic-judge,test_id,sim,test_id_task14,1,-1.4431893256720945
test_id:14:10,synthetic-judge,test_id,sim,test_id_task14,0,-3.8126405098108545
test_id:14:11,synthetic-judge,test_id,sim,test_id_task14,1,6.219096896969847
test_id:14:12,synthetic-judge,test_id,sim,test_id_task14,0,2.8144828409230707
test_id:14:13,synthetic-judge,test_id,sim,test_id_task14,1,3.908507599393034
test_id:14:14,synthetic-judge,test_id,sim,test_id_task14,1,0.10727617586720312
test_id:14:15,synthetic-judge,test_id,sim,test_id_task14,0,-4.275807588375806
test_id:14:16,synthetic-judge,test_id,sim,test_id_task14,1,9.559125655722124
test_id:14:17,synthetic-judge,test_id,sim,test_id_task14,1,3.206788337701537
test_id:14:18,synthetic-judge,test_id,sim,test_id_task14,1,3.806694339175489
test_id:14:19,synthetic-judge,test_id,sim,test_id_task14,1,0.5118695507830295
test_id:15:0,synthetic-judge,test_id,sim,test_id_task15,0,-6.820382265090287
test_id:15:1,synthetic-judge,test_id,sim,test_id_task15,0,-1.5943723141176187
test_id:15:2,synthetic-judge,test_id,sim,test_id_task15,0,-6.484876273162502
test_id:15:3,synthetic-judge,test_id,sim,test_id_task15,0,1.5905856797439135
test_id:15:4,synthetic-judge,test_id,sim,test_id_task15,0,-3.6125259369416316
test_id:15:5,synthetic-judge,test_id,sim,test_id_task15,0,-4.433425612695605
test_id:15:6,synthetic-judge,test_id,sim,test_id_task15,1,2.3568758226354634
test_id:15:7,synthetic-judge,test_id,sim,test_id_task15,1,2.4638700353891925
test_id:15:8,synthetic-judge,test_id,sim,test_id_task15,0,-7.342920091801385
test_id:15:9,synthetic-judge,test_id,sim,test_id_task15,0,-1.9568815392306436
test_id:15:10,synthetic-judge,test_id,sim,test_id_task15,0,0.9740089694184633
test_id:15:11,synthetic-judge,test_id,sim,test_id_task15,0,-1.7408703576929707
test_id:15:12,synthetic-judge,test_id,sim,test_id_task15,0,0.9473906046846721
test_id:15:13,synthetic-judge,test_id,sim,test_id_task15,1,3.839807039218252
test_id:15:14,synthetic-judge,test_id,sim,test_id_task15,1,-1.5586734875283221
test_id:15:15,synthetic-judge,test_id,sim,test_id_task15,0,-1.5580146456203081
test_id:15:16,synthetic-judge,test_id,sim,test_id_task15,1,0.9244173386194489
test_id:15:17,synthetic-judge,test_id,sim,test_id_task15,1,3.89554831064554
test_id:15:18,synthetic-judge,test_id,sim,test_id_task15,1,-3.7453376499286684
test_id:15:19,synthetic-judge,test_id,sim,test_id_task15,1,5.2940959330186566
test_id:16:0,synthetic-judge,test_id,sim,test_id_task16,1,8.044858342612963
test_id:16:1,synthetic-judge,test_id,sim,test_id_task16,1,2.544759705702941
test_id:16:2,synthetic-judge,test_id,sim,test_id_task16,1,4.711964925482006
test_id:16:3,synthetic-judge,test_id,sim,test_id_task16,1,6.5608706063629425
test_id:16:4,synthetic-judge,test_id,sim,test_id_task16,1,5.954423044288963
test_id:16:5,synthetic-judge,test_id,sim,test_id_task16,0,3.4038009612730127
test_id:16:6,synthetic-judge,test_id,sim,test_id_task16,0,-0.19533416359519729
test_id:16:7,synthetic-judge,test_id,sim,test_id_task16,1,6.385006358423849
test_id:16:8,synthetic-judge,test_id,sim,test_id_task16,0,-0.4547226408940679
test_id:16:9,synthetic-judge,test_id,sim,test_id_task16,1,3.201635174139919
test_id:16:10,synthetic-judge,test_id,sim,test_id_task16,1,0.5244779064539542
test_id:16:11,synthetic-judge,test_id,sim,test_id_task16,0,0.31432707862787135
test_id:16:12,synthetic-judge,test_id,sim,test_id_task16,1,8.401691788075814
test_id:16:13,synthetic-judge,test_id,sim,test_id_task16,0,3.737064941504129
test_id:16:14,synthetic-judge,test_id,sim,test_id_task16,0,-4.46040114930003
test_id:16:15,synthetic-judge,test_id,sim,test_id_task16,0,-4.044114190295791
test_id:16:16,synthetic-judge,test_id,sim,test_id_task16,1,1.980134407800573
test_id:16:17,synthetic-judge,test_id,sim,test_id_task16,1,5.795955548461162
test_id:16:18,synthetic-judge,test_id,sim,test_id_task16,0,-1.3975373155586843
test_id:16:19,synthetic-judge,test_id,sim,test_id_task16,0,-1.0390090361853366
test_id:17:0,synthetic-judge,test_id,sim,test_id_task17,0,-7.276800931808382
test_id:17:1,synthetic-judge,test_id,sim,test_id_task17,0,-7.9465403582931975
test_id:17:2,synthetic-judge,test_id,sim,test_id_task17,0,0.004846550420707807
test_id:17:3,synthetic-judge,test_id,sim,test_id_task17,0,-3.3914286053894864
test_id:17:4,synthetic-judge,test_id,sim,test_id_task17,1,5.680229838185893
test_id:17:5,synthetic-judge,test_id,sim,test_id_task17,0,-6.61175894945821
test_id:17:6,synthetic-judge,test_id,sim,test_id_task17,0,0.22460184632765623
test_id:17:7,synthetic-judge,test_id,sim,test_id_task17,1,-1.4331350144934139
test_id:17:8,synthetic-judge,test_id,sim,test_id_task17,0,-3.3642357345552423
test_id:17:9,synthetic-judge,test_id,sim,test_id_task17,0,-10.007328799458442
test_id:17:10,synthetic-judge,test_id,sim,test_id_task17,0,-7.224061544766294
test_id:17:11,synthetic-judge,test_id,sim,test_id_task17,0,-7.716888129094973
test_id:17:12,synthetic-judge,test_id,sim,test_id_task17,0,-9.95958456071408
test_id:17:13,synthetic-judge,test_id,sim,test_id_task17,0,-7.506852248231503
test_id:17:14,synthetic-judge,test_id,sim,test_id_task17,0,-1.4464215814311663
test_id:17:15,synthetic-judge,test_id,sim,test_id_task17,1,4.992210077163416
test_id:17:16,synthetic-judge,test_id,sim,test_id_task17,0,-5.105150106809142
test_id:17:17,synthetic-judge,test_id,sim,test_id_task17,0,-0.28858090177725293
test_id:17:18,synthetic-judge,test_id,sim,test_id_task17,0,-3.7744810075685704
test_id:17:19,synthetic-judge,test_id,sim,test_id_task17,1,-0.016030319515931257
test_id:18:0,synthetic-judge,test_id,sim,test_id_task18,1,-3.9896191643338295
test_id:18:1,synthetic-judge,test_id,sim,test_id_task18,0,-3.4011259272733994
test_id:18:2,synthetic-judge,test_id,sim,test_id_task18,0,0.164610957855726
test_id:18:3,synthetic-judge,test_id,sim,test_id_task18,1,-0.7143748551691829
test_id:18:4,synthetic-judge,test_id,sim,test_id_task18,1,-1.0387738882690276
test_id:18:5,synthetic-judge,test_id,sim,test_id_task18,1,0.20135650685264306
test_id:18:6,synthetic-judge,test_id,sim,test_id_task18,1,-1.3708690959073895
test_id:18:7,synthetic-judge,test_id,sim,test_id_task18,0,-7.099747797957203
test_id:18:8,synthetic-judge,test_id,sim,test_id_task18,0,-5.374311895402162
test_id:18:9,synthetic-judge,test_id,sim,test_id_task18,1,-3.92734795123466
test_id:18:10,synthetic-judge,test_id,sim,test_id_task18,0,-6.9379372882497305
test_id:18:11,synthetic-judge,test_id,sim,test_id_task18,0,-6.508488526196505
test_id:18:12,synthetic-judge,test_id,sim,test_id_task18,0,-1.959974370683988
test_id:18:13,synthetic-judge,test_id,sim,test_id_task18,0,-1.7669759760320463
test_id:18:14,synthetic-judge,test_id,sim,test_id_task18,0,1.03243905725726
test_id:18:15,synthetic-judge,test_id,sim,test_id_task18,1,1.4689688313184868
test_id:18:16,synthetic-judge,test_id,sim,test_id_task18,1,0.9671660042667871
test_id:18:17,synthetic-judge,test_id,sim,test_id_task18,0,-0.5139021635156333
test_id:18:18,synthetic-judge,test_id,sim,test_id_task18,0,-5.025692894950616
test_id:18:19,synthetic-judge,test_id,sim,test_id_task18,1,-0.8459795338473239
test_id:19:0,synthetic-judge,test_id,sim,test_id_task19,1,4.551458302946662
test_id:19:1,synthetic-judge,test_id,sim,test_id_task19,1,-0.5484922295552614
test_id:19:2,synthetic-judge,test_id,sim,test_id_task19,0,4.09860405421549
test_id:19:3,synthetic-judge,test_id,sim,test_id_task19,0,-3.5767362478954783
test_id:19:4,synthetic-judge,test_id,sim,test_id_task19,1,5.878634721703737
test_id:19:5,synthetic-judge,test_id,sim,test_id_task19,0,-5.745396601848704
test_id:19:6,synthetic-judge,test_id,sim,test_id_task19,0,0.9839802293523543
test_id:19:7,synthetic-judge,test_id,sim,test_id_task19,1,1.9827283562265816
test_id:19:8,synthetic-judge,test_id,sim,test_id_task19,0,-2.969034016380299
test_id:19:9,synthetic-judge,test_id,sim,test_id_task19,0,-4.846233579367457
test_id:19:10,synthetic-judge,test_id,sim,test_id_task19,1,0.23023374297236066
test_id:19:11,synthetic-judge,test_id,sim,test_id_task19,0,-1.444855575803485
test_id:19:12,synthetic-judge,test_id,sim,test_id_task19,1,2.1761337217474765
test_id:19:13,synthetic-judge,test_id,sim,test_id_task19,0,3.6069236171990644
test_id:19:14,synthetic-judge,test_id,sim,test_id_task19,1,7.7621894012271735
test_id:19:15,synthetic-judge,test_id,sim,test_id_task19,1,4.183522605095106
test_id:19:16,synthetic-judge,test_id,sim,test_id_task19,0,-5.182650644994611
test_id:19:17,synthetic-judge,test_id,sim,test_id_task19,1,6.715441639467402
test_id:19:18,synthetic-judge,test_id,sim,test_id_task19,1,1.9371682405536956
test_id:19:19,synthetic-judge,test_id,sim,test_id_task19,1,10.649902750943191
test_id:20:0,synthetic-judge,test_id,sim,test_id_task20,0,-6.747197079885347
test_id:20:1,synthetic-judge,test_id,sim,test_id_task20,1,5.981922538234693
test_id:20:2,synthetic-judge,test_id,sim,test_id_task20,1,-2.126672340340444
test_id:20:3,synthetic-judge,test_id,sim,test_id_task20,1,0.16935874457846967
test_id:20:4,synthetic-judge,test_id,sim,test_id_task20,1,2.3140291754188933
test_id:20:5,synthetic-judge,test_id,sim,test_id_task20,0,-1.5135615510420524
test_id:20:6,synthetic-judge,test_id,sim,test_id_task20,1,4.408253745687003
test_id:20:7,synthetic-judge,test_id,sim,test_id_task20,0,-4.46312164231879
test_id:20:8,synthetic-judge,test_id,sim,test_id_task20,1,8.042830305472425
test_id:20:9,synthetic-judge,test_id,sim,test_id_task20,1,2.0493226190808893
test_id:20:10,synthetic-judge,test_id,sim,test_id_task20,1,2.2299828684216334
test_id:20:11,synthetic-judge,test_id,sim,test_id_task20,1,3.447894888845907
test_id:20:12,synthetic-judge,test_id,sim,test_id_task20,1,4.889762711768218
test_id:20:13,synthetic-judge,test_id,sim,test_id_task20,1,-0.2759342209496023
test_id:20:14,synthetic-judge,test_id,sim,test_id_task20,0,-4.720091356100804
test_id:20:15,synthetic-judge,test_id,sim,test_id_task20,1,4.196194799956099
test_id:20:16,synthetic-judge,test_id,sim,test_id_task20,1,5.974728313213047
test_id:20:17,synthetic-judge,test_id,sim,test_id_task20,1,4.872497977933911
test_id:20:18,synthetic-judge,test_id,sim,test_id_task20,1,3.1604322028297664
test_id:20:19,synthetic-judge,test_id,sim,test_id_task20,0,-7.753201372130616
test_id:21:0,synthetic-judge,test_id,sim,test_id_task21,1,2.584972649617333
test_id:21:1,synthetic-judge,test_id,sim,test_id_task21,1,8.686064889112421
test_id:21:2,synthetic-judge,test_id,sim,test_id_task21,0,1.5265546690343093
test_id:21:3,synthetic-judge,test_id,sim,test_id_task21,1,6.710103603498816
test_id:21:4,synthetic-judge,test_id,sim,test_id_task21,0,-0.8095817002539727
test_id:21:5,synthetic-judge,test_id,sim,test_id_task21,0,-1.1915308758959555
test_id:21:6,synthetic-judge,test_id,sim,test_id_task21,0,-6.233068089334138
test_id:21:7,synthetic-judge,test_id,sim,test_id_task21,1,3.4849560008872453
test_id:21:8,synthetic-judge,test_id,sim,test_id_task21,1,6.076163523020322
test_id:21:9,synthetic-judge,test_id,sim,test_id_task21,1,7.256638208351785
test_id:21:10,synthetic-judge,test_id,sim,test_id_task21,1,1.8756890578197059
test_id:21:11,synthetic-judge,test_id,sim,test_id_task21,1,5.29535790580999
test_id:21:12,synthetic-judge,test_id,sim,test_id_task21,1,1.579077408638359
test_id:21:13,synthetic-judge,test_id,sim,test_id_task21,0,1.6243581441045185
test_id:21:14,synthetic-judge,test_id,sim,test_id_task21,0,-2.7170667776124313
test_id:21:15,synthetic-judge,test_id,sim,test_id_task21,1,2.042758564882291
test_id:21:16,synthetic-judge,test_id,sim,test_id_task21,1,4.598392247154236
test_id:21:17,synthetic-judge,test_id,sim,test_id_task21,1,4.2753711248763935
test_id:21:18,synthetic-judge,test_id,sim,test_id_task21,1,7.546404082817521
test_id:21:19,synthetic-judge,test_id,sim,test_id_task21,1,6.265458763857508
test_id:22:0,synthetic-judge,test_id,sim,test_id_task22,0,-0.9073609366877151
test_id:22:1,synthetic-judge,test_id,sim,test_id_task22,1,0.4399386868935653
test_id:22:2,synthetic-judge,test_id,sim,test_id_task22,0,-0.3305319910627591
test_id:22:3,synthetic-judge,test_id,sim,test_id_task22,1,6.727517947108058
test_id:22:4,synthetic-judge,test_id,sim,test_id_task22,1,5.520189492661773
test_id:22:5,synthetic-judge,test_id,sim,test_id_task22,1,6.376703967564421
test_id:22:6,synthetic-judge,test_id,sim,test_id_task22,0,-1.515943877573188
test_id:22:7,synthetic-judge,test_id,sim,test_id_task22,1,-1.4561876755935175
test_id:22:8,synthetic-judge,test_id,sim,test_id_task22,1,3.404132684033592
test_id:22:9,synthetic-judge,test_id,sim,test_id_task22,1,4.784801397115196
test_id:22:10,synthetic-judge,test_id,sim,test_id_task22,1,1.4844461273968086
test_id:22:11,synthetic-judge,test_id,sim,test_id_task22,1,3.5132237991074007
test_id:22:12,synthetic-judge,test_id,sim,test_id_task22,1,2.6390383143601825
test_id:22:13,synthetic-judge,test_id,sim,test_id_task22,1,13.465322205105732
test_id:22:14,synthetic-judge,test_id,sim,test_id_task22,0,0.6610264762200204
test_id:22:15,synthetic-judge,test_id,sim,test_id_task22,1,2.8199600377529745
test_id:22:16,synthetic-judge,test_id,sim,test_id_task22,1,4.847214631326313
test_id:22:17,synthetic-judge,test_id,sim,test_id_task22,1,0.6879913522120162
test_id:22:18,synthetic-judge,test_id,sim,test_id_task22,1,2.1010082538242827
test_id:22:19,synthetic-judge,test_id,sim,test_id_task22,1,13.834583640377762
test_id:23:0,synthetic-judge,test_id,sim,test_id_task23,1,2.995303579379864
test_id:23:1,synthetic-judge,test_id,sim,test_id_task23,1,4.1184267596545805
test_id:23:2,synthetic-judge,test_id,sim,test_id_task23,1,3.137889228139147
test_id:23:3,synthetic-judge,test_id,sim,test_id_task23,1,0.036939001495634116
test_id:23:4,synthetic-judge,test_id,sim,test_id_task23,1,1.4822893287861052
test_id:23:5,synthetic-judge,test_id,sim,test_id_task23,1,-1.8318554490722727
test_id:23:6,synthetic-judge,test_id,sim,test_id_task23,0,3.1148413840568234
test_id:23:7,synthetic-judge,test_id,sim,test_id_task23,1,-1.4725302566170657
test_id:23:8,synthetic-judge,test_id,sim,test_id_task23,0,1.760883816161827
test_id:23:9,synthetic-judge,test_id,sim,test_id_task23,1,3.665079959133783
test_id:23:10,synthetic-judge,test_id,sim,test_id_task23,0,3.5684248190215992
test_id:23:11,synthetic-judge,test_id,sim,test_id_task23,0,-0.7103094244044552
test_id:23:12,synthetic-judge,test_id,sim,test_id_task23,1,4.640742924620001
test_id:23:13,synthetic-judge,test_id,sim,test_id_task23,1,11.590741913328353
test_id:23:14,synthetic-judge,test_id,sim,test_id_task23,0,-2.439467905802921
test_id:23:15,synthetic-judge,test_id,sim,test_id_task23,1,4.641766961417307
test_id:23:16,synthetic-judge,test_id,sim,test_id_task23,0,-8.266131830317038
test_id:23:17,synthetic-judge,test_id,sim,test_id_task23,1,-1.7569259602482221
test_id:23:18,synthetic-judge,test_id,sim,test_id_task23,1,6.656000750745757
test_id:23:19,synthetic-judge,test_id,sim,test_id_task23,0,2.2369601172580653
test_id:24:0,synthetic-judge,test_id,sim,test_id_task24,0,-2.6055542305821646
test_id:24:1,synthetic-judge,test_id,sim,test_id_task24,0,5.789830119324178
test_id:24:2,synthetic-judge,test_id,sim,test_id_task24,0,-10.453588966071113
test_id:24:3,synthetic-judge,test_id,sim,test_id_task24,0,-0.6280732340801847
test_id:24:4,synthetic-judge,test_id,sim,test_id_task24,1,-2.54894996261873
test_id:24:5,synthetic-judge,test_id,sim,test_id_task24,0,-3.8589182542595575
test_id:24:6,synthetic-judge,test_id,sim,test_id_task24,1,-3.064462376897435
test_id:24:7,synthetic-judge,test_id,sim,test_id_task24,0,-8.195742901791228
test_id:24:8,synthetic-judge,test_id,sim,test_id_task24,1,0.5504862685214316
test_id:24:9,synthetic-judge,test_id,sim,test_id_task24,0,-7.720562012791989
test_id:24:10,synthetic-judge,test_id,sim,test_id_task24,0,-4.789595208110452
test_id:24:11,synthetic-judge,test_id,sim,test_id_task24,0,-2.4701003510757924
test_id:24:12,synthetic-judge,test_id,sim,test_id_task24,0,-1.9663185746696854
test_id:24:13,synthetic-judge,test_id,sim,test_id_task24,1,-2.7005692396811103
test_id:24:14,synthetic-judge,test_id,sim,test_id_task24,0,-6.08339848802714
test_id:24:15,synthetic-judge,test_id,sim,test_id_task24,0,1.2259826734853894
test_id:24:16,synthetic-judge,test_id,sim,test_id_task24,0,1.920360604599122
test_id:24:17,synthetic-judge,test_id,sim,test_id_task24,0,-3.9737255581165827
test_id:24:18,synthetic-judge,test_id,sim,test_id_task24,0,-6.641739448489543
test_id:24:19,synthetic-judge,test_id,sim,test_id_task24,0,-2.6125097337429155
test_id:25:0,synthetic-judge,test_id,sim,test_id_task25,1,2.967348613513803
test_id:25:1,synthetic-judge,test_id,sim,test_id_task25,1,0.5280683863914077
test_id:25:2,synthetic-judge,test_id,sim,test_id_task25,1,8.587526615097705
test_id:25:3,synthetic-judge,test_id,sim,test_id_task25,1,-3.777867916704553
test_id:25:4,synthetic-judge,test_id,sim,test_id_task25,0,-1.9989023528469483
test_id:25:5,synthetic-judge,test_id,sim,test_id_task25,1,2.30331220310347
test_id:25:6,synthetic-judge,test_id,sim,test_id_task25,1,1.0080810574512273
test_id:25:7,synthetic-judge,test_id,sim,test_id_task25,0,-2.811418157424141
test_id:25:8,synthetic-judge,test_id,sim,test_id_task25,1,-0.04480783350528483
test_id:25:9,synthetic-judge,test_id,sim,test_id_task25,0,1.2220106479980517
test_id:25:10,synthetic-judge,test_id,sim,test_id_task25,1,9.188749949090212
test_id:25:11,synthetic-judge,test_id,sim,test_id_task25,0,2.1006997428307455
test_id:25:12,synthetic-judge,test_id,sim,test_id_task25,0,0.4635014164928484
test_id:25:13,synthetic-judge,test_id,sim,test_id_task25,1,2.9763604134925226
test_id:25:14,synthetic-judge,test_id,sim,test_id_task25,0,-2.165293840582577
test_id:25:15,synthetic-judge,test_id,sim,test_id_task25,0,-1.955964213603722
test_id:25:16,synthetic-judge,test_id,sim,test_id_task25,0,-1.8510379673961506
test_id:25:17,synthetic-judge,test_id,sim,test_id_task25,1,7.855082594003031
test_id:25:18,synthetic-judge,test_id,sim,test_id_task25,1,11.963672175332627
test_id:25:19,synthetic-judge,test_id,sim,test_id_task25,0,0.6700425910909471
test_id:26:0,synthetic-judge,test_id,sim,test_id_task26,0,3.306468656826556
test_id:26:1,synthetic-judge,test_id,sim,test_id_task26,1,3.0961864271138553
test_id:26:2,synthetic-judge,test_id,sim,test_id_task26,1,4.669419975971102
test_id:26:3,synthetic-judge,test_id,sim,test_id_task26,1,6.938803492061492
test_id:26:4,synthetic-judge,test_id,sim,test_id_task26,0,-0.5678911760654732
test_id:26:5,synthetic-judge,test_id,sim,test_id_task26,1,3.9290441064376527
test_id:26:6,synthetic-judge,test_id,sim,test_id_task26,0,-3.60187214244262
test_id:26:7,synthetic-judge,test_id,sim,test_id_task26,0,0.48211551353564097
test_id:26:8,synthetic-judge,test_id,sim,test_id_task26,1,8.700572768007817
test_id:26:9,synthetic-judge,test_id,sim,test_id_task26,0,-3.7012593322223943
test_id:26:10,synthetic-judge,test_id,sim,test_id_task26,1,1.5228430188360476
test_id:26:11,synthetic-judge,test_id,sim,test_id_task26,1,7.613203856628678
test_id:26:12,synthetic-judge,test_id,sim,test_id_task26,1,8.424036670743616
test_id:26:13,synthetic-judge,test_id,sim,test_id_task26,1,5.9464411473389145
test_id:26:14,synthetic-judge,test_id,sim,test_id_task26,1,4.365486904751453
test_id:26:15,synthetic-judge,test_id,sim,test_id_task26,1,2.4558354686580794
test_id:26:16,synthetic-judge,test_id,sim,test_id_task26,1,2.8525788712892948
test_id:26:17,synthetic-judge,test_id,sim,test_id_task26,1,0.4531160857351302
test_id:26:18,synthetic-judge,test_id,sim,test_id_task26,1,0.4793702293067208
test_id:26:19,synthetic-judge,test_id,sim,test_id_task26,1,6.710247801969963
test_id:27:0,synthetic-judge,test_id,sim,test_id_task27,0,-3.209056757777169
test_id:27:1,synthetic-judge,test_id,sim,test_id_task27,0,-7.350588696003541
test_id:27:2,synthetic-judge,test_id,sim,test_id_task27,0,-2.587704605190832
test_id:27:3,synthetic-judge,test_id,sim,test_id_task27,0,-3.5083682558009914
test_id:27:4,synthetic-judge,test_id,sim,test_id_task27,1,-1.5254715846236908
test_id:27:5,synthetic-judge,test_id,sim,test_id_task27,1,0.2503715365244369
test_id:27:6,synthetic-judge,test_id,sim,test_id_task27,0,3.8381443379459714
test_id:27:7,synthetic-judge,test_id,sim,test_id_task27,1,6.291798784753043
test_id:27:8,synthetic-judge,test_id,sim,test_id_task27,0,-0.09105690252685122
test_id:27:9,synthetic-judge,test_id,sim,test_id_task27,1,4.023488709335649
test_id:27:10,synthetic-judge,test_id,sim,test_id_task27,0,-3.761904784363779
test_id:27:11,synthetic-judge,test_id,sim,test_id_task27,1,-1.6343260222448492
test_id:27:12,synthetic-judge,test_id,sim,test_id_task27,0,-3.473217385497291
test_id:27:13,synthetic-judge,test_id,sim,test_id_task27,0,-1.5171919319428275
test_id:27:14,synthetic-judge,test_id,sim,test_id_task27,0,-5.297330791154995
test_id:27:15,synthetic-judge,test_id,sim,test_id_task27,1,3.720307840303832
test_id:27:16,synthetic-judge,test_id,sim,test_id_task27,0,-3.966817918441041
test_id:27:17,synthetic-judge,test_id,sim,test_id_task27,0,-0.4756823404850413
test_id:27:18,synthetic-judge,test_id,sim,test_id_task27,0,-1.9582445780094995
test_id:27:19,synthetic-judge,test_id,sim,test_id_task27,0,0.5233068218443716
test_id:28:0,synthetic-judge,test_id,sim,test_id_task28,0,1.5412784290410666
test_id:28:1,synthetic-judge,test_id,sim,test_id_task28,0,1.796888566905513
test_id:28:2,synthetic-judge,test_id,sim,test_id_task28,0,-1.4772744883437021
test_id:28:3,synthetic-judge,test_id,sim,test_id_task28,1,-0.5968167604682197
test_id:28:4,synthetic-judge,test_id,sim,test_id_task28,0,-4.381605011009967
test_id:28:5,synthetic-judge,test_id,sim,test_id_task28,0,-4.209371626362981
test_id:28:6,synthetic-judge,test_id,sim,test_id_task28,1,0.34794696943811365
test_id:28:7,synthetic-judge,test_id,sim,test_id_task28,0,-4.284027144445468
test_id:28:8,synthetic-judge,test_id,sim,test_id_task28,0,1.3279784058235637
test_id:28:9,synthetic-judge,test_id,sim,test_id_task28,0,-5.329168488713042
test_id:28:10,synthetic-judge,test_id,sim,test_id_task28,1,0.6789569734892866
test_id:28:11,synthetic-judge,test_id,sim,test_id_task28,1,0.9661078013758326
test_id:28:12,synthetic-judge,test_id,sim,test_id_task28,1,0.6362671618526365
test_id:28:13,synthetic-judge,test_id,sim,test_id_task28,0,-2.469376354197914
test_id:28:14,synthetic-judge,test_id,sim,test_id_task28,1,0.9438312566465885
test_id:28:15,synthetic-judge,test_id,sim,test_id_task28,1,1.0196784806335308
test_id:28:16,synthetic-judge,test_id,sim,test_id_task28,1,-3.7951390336887556
test_id:28:17,synthetic-judge,test_id,sim,test_id_task28,0,-2.093354384954927
test_id:28:18,synthetic-judge,test_id,sim,test_id_task28,1,2.318387122071462
test_id:28:19,synthetic-judge,test_id,sim,test_id_task28,1,2.2428289686930976
test_id:29:0,synthetic-judge,test_id,sim,test_id_task29,1,4.006733334785295
test_id:29:1,synthetic-judge,test_id,sim,test_id_task29,0,0.25036900902580145
test_id:29:2,synthetic-judge,test_id,sim,test_id_task29,1,3.714652660606893
test_id:29:3,synthetic-judge,test_id,sim,test_id_task29,0,-0.3321944313418134
test_id:29:4,synthetic-judge,test_id,sim,test_id_task29,0,-7.688170977339061
test_id:29:5,synthetic-judge,test_id,sim,test_id_task29,1,2.250127608679229
test_id:29:6,synthetic-judge,test_id,sim,test_id_task29,0,0.831003740292418
test_id:29:7,synthetic-judge,test_id,sim,test_id_task29,1,0.6657993142065584
test_id:29:8,synthetic-judge,test_id,sim,test_id_task29,1,0.9551533375687364
test_id:29:9,synthetic-judge,test_id,sim,test_id_task29,0,-4.987764745632871
test_id:29:10,synthetic-judge,test_id,sim,test_id_task29,1,1.821773834989233
test_id:29:11,synthetic-judge,test_id,sim,test_id_task29,0,-4.613519742085428
test_id:29:12,synthetic-judge,test_id,sim,test_id_task29,1,4.281597228037325
test_id:29:13,synthetic-judge,test_id,sim,test_id_task29,1,1.036464951495585
test_id:29:14,synthetic-judge,test_id,sim,test_id_task29,1,5.755408280409587
test_id:29:15,synthetic-judge,test_id,sim,test_id_task29,1,2.801697481143437
test_id:29:16,synthetic-judge,test_id,sim,test_id_task29,0,-3.8836093219931236
test_id:29:17,synthetic-judge,test_id,sim,test_id_task29,0,-7.970599231006621
test_id:29:18,synthetic-judge,test_id,sim,test_id_task29,1,-1.0144735276510657
test_id:29:19,synthetic-judge,test_id,sim,test_id_task29,1,6.198607699529797
cal_ood:0:0,synthetic-judge,cal_ood,ood,cal_ood_task0,0,-1.9528328002578021
cal_ood:0:1,synthetic-judge,cal_ood,ood,cal_ood_task0,0,-0.29655918788097235
cal_ood:0:2,synthetic-judge,cal_ood,ood,cal_ood_task0,1,2.5363065561872804
cal_ood:0:3,synthetic-judge,cal_ood,ood,cal_ood_task0,0,-1.0639304163563974
cal_ood:0:4,synthetic-judge,cal_ood,ood,cal_ood_task0,1,1.9077667908785911
cal_ood:0:5,synthetic-judge,cal_ood,ood,cal_ood_task0,0,1.5640382639035648
cal_ood:0:6,synthetic-judge,cal_ood,ood,cal_ood_task0,1,-1.090678785804716
cal_ood:0:7,synthetic-judge,cal_ood,ood,cal_ood_task0,0,-2.668573014019142
cal_ood:0:8,synthetic-judge,cal_ood,ood,cal_ood_task0,1,1.643922086995667
cal_ood:0:9,synthetic-judge,cal_ood,ood,cal_ood_task0,0,-1.8562580267595203
cal_ood:0:10,synthetic-judge,cal_ood,ood,cal_ood_task0,1,1.0890245630158233
cal_ood:0:11,synthetic-judge,cal_ood,ood,cal_ood_task0,1,1.564498768613486
cal_ood:0:12,synthetic-judge,cal_ood,ood,cal_ood_task0,1,1.6568463415058483
cal_ood:0:13,synthetic-judge,cal_ood,ood,cal_ood_task0,0,0.22814877441009118
cal_ood:0:14,synthetic-judge,cal_ood,ood,cal_ood_task0,0,1.5532124999543677
cal_ood:0:15,synthetic-judge,cal_ood,ood,cal_ood_task0,1,1.938336455152643
cal_ood:0:16,synthetic-judge,cal_ood,ood,cal_ood_task0,0,1.1761733540813797
cal_ood:0:17,synthetic-judge,cal_ood,ood,cal_ood_task0,0,1.565336819243123
cal_ood:0:18,synthetic-judge,cal_ood,ood,cal_ood_task0,0,-0.5266018497470424
cal_ood:0:19,synthetic-judge,cal_ood,ood,cal_ood_task0,0,-2.4163641241557325
cal_ood:1:0,synthetic-judge,cal_ood,ood,cal_ood_task1,0,1.3405490862705072
cal_ood:1:1,synthetic-judge,cal_ood,ood,cal_ood_task1,0,1.3191686316142377
cal_ood:1:2,synthetic-judge,cal_ood,ood,cal_ood_task1,1,-1.0289497090563966
cal_ood:1:3,synthetic-judge,cal_ood,ood,cal_ood_task1,0,-1.7037645296855284
cal_ood:1:4,synthetic-judge,cal_ood,ood,cal_ood_task1,0,-2.6290523100706813
cal_ood:1:5,synthetic-judge,cal_ood,ood,cal_ood_task1,1,3.2218918856493532
cal_ood:1:6,synthetic-judge,cal_ood,ood,cal_ood_task1,0,-0.004901564389401036
cal_ood:1:7,synthetic-judge,cal_ood,ood,cal_ood_task1,1,3.3448543240111546
cal_ood:1:8,synthetic-judge,cal_ood,ood,cal_ood_task1,0,0.776313202868805
cal_ood:1:9,synthetic-judge,cal_ood,ood,cal_ood_task1,1,3.2828338980797054
cal_ood:1:10,synthetic-judge,cal_ood,ood,cal_ood_task1,0,-1.3060126385551305
cal_ood:1:11,synthetic-judge,cal_ood,ood,cal_ood_task1,0,0.9221971236549462
cal_ood:1:12,synthetic-judge,cal_ood,ood,cal_ood_task1,1,3.001716654854387
cal_ood:1:13,synthetic-judge,cal_ood,ood,cal_ood_task1,0,-2.8213429901147404
cal_ood:1:14,synthetic-judge,cal_ood,ood,cal_ood_task1,0,-2.254628228591604
cal_ood:1:15,synthetic-judge,cal_ood,ood,cal_ood_task1,0,1.277781741149385
cal_ood:1:16,synthetic-judge,cal_ood,ood,cal_ood_task1,1,5.0323941886661006
cal_ood:1:17,synthetic-judge,cal_ood,ood,cal_ood_task1,0,2.9525237050088187
cal_ood:1:18,synthetic-judge,cal_ood,ood,cal_ood_task1,0,0.27318892164098507
cal_ood:1:19,synthetic-judge,cal_ood,ood,cal_ood_task1,0,5.605706030320138
cal_ood:2:0,synthetic-judge,cal_ood,ood,cal_ood_task2,1,0.43315760414155613
cal_ood:2:1,synthetic-judge,cal_ood,ood,cal_ood_task2,0,-2.084792329202933
cal_ood:2:2,synthetic-judge,cal_ood,ood,cal_ood_task2,0,-0.1939610516538579
cal_ood:2:3,synthetic-judge,cal_ood,ood,cal_ood_task2,1,3.829680374736567
cal_ood:2:4,synthetic-judge,cal_ood,ood,cal_ood_task2,0,0.46263047092220777
cal_ood:2:5,synthetic-judge,cal_ood,ood,cal_ood_task2,0,-4.174427304005791
cal_ood:2:6,synthetic-judge,cal_ood,ood,cal_ood_task2,1,7.995064518382799
cal_ood:2:7,synthetic-judge,cal_ood,ood,cal_ood_task2,1,0.11500967893113656
cal_ood:2:8,synthetic-judge,cal_ood,ood,cal_ood_task2,0,3.8387053427790025
cal_ood:2:9,synthetic-judge,cal_ood,ood,cal_ood_task2,1,2.429863993517633
cal_ood:2:10,synthetic-judge,cal_ood,ood,cal_ood_task2,1,2.3117254316203057
cal_ood:2:11,synthetic-judge,cal_ood,ood,cal_ood_task2,1,3.7983038742749513
cal_ood:2:12,synthetic-judge,cal_ood,ood,cal_ood_task2,1,1.799124602220272
cal_ood:2:13,synthetic-judge,cal_ood,ood,cal_ood_task2,0,6.110632811891654
cal_ood:2:14,synthetic-judge,cal_ood,ood,cal_ood_task2,0,0.7066379106007497
cal_ood:2:15,synthetic-judge,cal_ood,ood,cal_ood_task2,1,5.62250113127443
cal_ood:2:16,synthetic-judge,cal_ood,ood,cal_ood_task2,1,2.8381057715601634
cal_ood:2:17,synthetic-judge,cal_ood,ood,cal_ood_task2,0,-2.2203151371835967
cal_ood:2:18,synthetic-judge,cal_ood,ood,cal_ood_task2,0,1.251937696941787
cal_ood:2:19,synthetic-judge,cal_ood,ood,cal_ood_task2,1,0.892027555823927
cal_ood:3:0,synthetic-judge,cal_ood,ood,cal_ood_task3,0,0.7884751608275646
cal_ood:3:1,synthetic-judge,cal_ood,ood,cal_ood_task3,0,0.07470753377076722
cal_ood:3:2,synthetic-judge,cal_ood,ood,cal_ood_task3,0,-4.643486471339677
cal_ood:3:3,synthetic-judge,cal_ood,ood,cal_ood_task3,0,2.0675412910374553
cal_ood:3:4,synthetic-judge,cal_ood,ood,cal_ood_task3,1,5.435812470424366
cal_ood:3:5,synthetic-judge,cal_ood,ood,cal_ood_task3,0,-5.8687563527844375
cal_ood:3:6,synthetic-judge,cal_ood,ood,cal_ood_task3,0,-0.4587998122655219
cal_ood:3:7,synthetic-judge,cal_ood,ood,cal_ood_task3,1,-0.932125138776094
cal_ood:3:8,synthetic-judge,cal_ood,ood,cal_ood_task3,0,-0.8505948887503698
cal_ood:3:9,synthetic-judge,cal_ood,ood,cal_ood_task3,0,-5.278829064948935
cal_ood:3:10,synthetic-judge,cal_ood,ood,cal_ood_task3,0,1.4890360332305264
cal_ood:3:11,synthetic-judge,cal_ood,ood,cal_ood_task3,1,2.9070751089001505
cal_ood:3:12,synthetic-judge,cal_ood,ood,cal_ood_task3,1,2.1711521832961624
cal_ood:3:13,synthetic-judge,cal_ood,ood,cal_ood_task3,0,1.1285489562350404
cal_ood:3:14,synthetic-judge,cal_ood,ood,cal_ood_task3,0,1.4571848962689493
cal_ood:3:15,synthetic-judge,cal_ood,ood,cal_ood_task3,1,5.679433672784425
cal_ood:3:16,synthetic-judge,cal_ood,ood,cal_ood_task3,1,5.4955317973388995
cal_ood:3:17,synthetic-judge,cal_ood,ood,cal_ood_task3,1,5.3042110080949945
cal_ood:3:18,synthetic-judge,cal_ood,ood,cal_ood_task3,0,-2.8441614988475212
cal_ood:3:19,synthetic-judge,cal_ood,ood,cal_ood_task3,0,3.2741258410112133
cal_ood:4:0,synthetic-judge,cal_ood,ood,cal_ood_task4,0,0.3125032253988135
cal_ood:4:1,synthetic-judge,cal_ood,ood,cal_ood_task4,1,6.858365639012782
cal_ood:4:2,synthetic-judge,cal_ood,ood,cal_ood_task4,0,0.04793010327398717
cal_ood:4:3,synthetic-judge,cal_ood,ood,cal_ood_task4,1,4.5414525914431
cal_ood:4:4,synthetic-judge,cal_ood,ood,cal_ood_task4,0,4.728739410959131
cal_ood:4:5,synthetic-judge,cal_ood,ood,cal_ood_task4,1,5.988088646344473
cal_ood:4:6,synthetic-judge,cal_ood,ood,cal_ood_task4,0,4.37357080944726
cal_ood:4:7,synthetic-judge,cal_ood,ood,cal_ood_task4,1,4.2619450801745895
cal_ood:4:8,synthetic-judge,cal_ood,ood,cal_ood_task4,1,2.448919860143685
cal_ood:4:9,synthetic-judge,cal_ood,ood,cal_ood_task4,1,1.232246939933011
cal_ood:4:10,synthetic-judge,cal_ood,ood,cal_ood_task4,0,1.8248964573514748
cal_ood:4:11,synthetic-judge,cal_ood,ood,cal_ood_task4,0,1.8369566172019978
cal_ood:4:12,synthetic-judge,cal_ood,ood,cal_ood_task4,0,0.8690059981548495
cal_ood:4:13,synthetic-judge,cal_ood,ood,cal_ood_task4,0,-0.2846165161715142
cal_ood:4:14,synthetic-judge,cal_ood,ood,cal_ood_task4,0,-2.789751564382962
cal_ood:4:15,synthetic-judge,cal_ood,ood,cal_ood_task4,1,0.5031067489960521
cal_ood:4:16,synthetic-judge,cal_ood,ood,cal_ood_task4,0,-2.5304965193622495
cal_ood:4:17,synthetic-judge,cal_ood,ood,cal_ood_task4,1,0.2516272232322715
cal_ood:4:18,synthetic-judge,cal_ood,ood,cal_ood_task4,1,6.2522377941005125
cal_ood:4:19,synthetic-judge,cal_ood,ood,cal_ood_task4,1,0.48857590062066825
cal_ood:5:0,synthetic-judge,cal_ood,ood,cal_ood_task5,0,-0.251567105165333
cal_ood:5:1,synthetic-judge,cal_ood,ood,cal_ood_task5,0,-2.5545492747387417
cal_ood:5:2,synthetic-judge,cal_ood,ood,cal_ood_task5,0,-1.0206189882336192
cal_ood:5:3,synthetic-judge,cal_ood,ood,cal_ood_task5,0,0.7768704682746068
cal_ood:5:4,synthetic-judge,cal_ood,ood,cal_ood_task5,0,-1.3919665590910775
cal_ood:5:5,synthetic-judge,cal_ood,ood,cal_ood_task5,0,-5.802081003849536
cal_ood:5:6,synthetic-judge,cal_ood,ood,cal_ood_task5,1,2.2670963807873385
cal_ood:5:7,synthetic-judge,cal_ood,ood,cal_ood_task5,0,-4.557089647663448
cal_ood:5:8,synthetic-judge,cal_ood,ood,cal_ood_task5,0,-7.275301307851546
cal_ood:5:9,synthetic-judge,cal_ood,ood,cal_ood_task5,1,2.2952721253049937
cal_ood:5:10,synthetic-judge,cal_ood,ood,cal_ood_task5,1,2.412285573509879
cal_ood:5:11,synthetic-judge,cal_ood,ood,cal_ood_task5,1,2.9420432200344213
cal_ood:5:12,synthetic-judge,cal_ood,ood,cal_ood_task5,0,-2.573322180255834
cal_ood:5:13,synthetic-judge,cal_ood,ood,cal_ood_task5,1,-0.07514148372479745
cal_ood:5:14,synthetic-judge,cal_ood,ood,cal_ood_task5,1,3.032692311653963
cal_ood:5:15,synthetic-judge,cal_ood,ood,cal_ood_task5,0,-4.078306901876228
cal_ood:5:16,synthetic-judge,cal_ood,ood,cal_ood_task5,1,-3.4024375626711283
cal_ood:5:17,synthetic-judge,cal_ood,ood,cal_ood_task5,1,1.052030300954396
cal_ood:5:18,synthetic-judge,cal_ood,ood,cal_ood_task5,0,-0.8684001307733844
cal_ood:5:19,synthetic-judge,cal_ood,ood,cal_ood_task5,0,-0.1858669361091101
cal_ood:6:0,synthetic-judge,cal_ood,ood,cal_ood_task6,0,1.0609664158897376
cal_ood:6:1,synthetic-judge,cal_ood,ood,cal_ood_task6,1,0.015208382706387358
cal_ood:6:2,synthetic-judge,cal_ood,ood,cal_ood_task6,0,2.1937825469849104
cal_ood:6:3,synthetic-judge,cal_ood,ood,cal_ood_task6,0,4.398438261715608
cal_ood:6:4,synthetic-judge,cal_ood,ood,cal_ood_task6,0,-2.23731328100506
cal_ood:6:5,synthetic-judge,cal_ood,ood,cal_ood_task6,0,-1.6480409937723444
cal_ood:6:6,synthetic-judge,cal_ood,ood,cal_ood_task6,0,1.2734547022739067
cal_ood:6:7,synthetic-judge,cal_ood,ood,cal_ood_task6,0,-1.728723629477435
cal_ood:6:8,synthetic-judge,cal_ood,ood,cal_ood_task6,0,-4.47200544755213
cal_ood:6:9,synthetic-judge,cal_ood,ood,cal_ood_task6,1,5.255685891429259
cal_ood:6:10,synthetic-judge,cal_ood,ood,cal_ood_task6,0,-3.1913344506871084
cal_ood:6:11,synthetic-judge,cal_ood,ood,cal_ood_task6,0,-7.349205830652769
cal_ood:6:12,synthetic-judge,cal_ood,ood,cal_ood_task6,0,-1.1069498187085491
cal_ood:6:13,synthetic-judge,cal_ood,ood,cal_ood_task6,0,-2.722569256495415
cal_ood:6:14,synthetic-judge,cal_ood,ood,cal_ood_task6,0,-3.295567283678449
cal_ood:6:15,synthetic-judge,cal_ood,ood,cal_ood_task6,1,2.150563565029229
cal_ood:6:16,synthetic-judge,cal_ood,ood,cal_ood_task6,0,-0.5273066740149694
cal_ood:6:17,synthetic-judge,cal_ood,ood,cal_ood_task6,1,1.94158800067413
cal_ood:6:18,synthetic-judge,cal_ood,ood,cal_ood_task6,1,1.0035231732183878
cal_ood:6:19,synthetic-judge,cal_ood,ood,cal_ood_task6,0,-2.6553604614218584
cal_ood:7:0,synthetic-judge,cal_ood,ood,cal_ood_task7,0,0.4929162260508444
cal_ood:7:1,synthetic-judge,cal_ood,ood,cal_ood_task7,0,-0.04030870771515427
cal_ood:7:2,synthetic-judge,cal_ood,ood,cal_ood_task7,1,1.2232017765900471
cal_ood:7:3,synthetic-judge,cal_ood,ood,cal_ood_task7,0,-1.6855899637266178
cal_ood:7:4,synthetic-judge,cal_ood,ood,cal_ood_task7,0,-2.458304444134772
cal_ood:7:5,synthetic-judge,cal_ood,ood,cal_ood_task7,0,1.1918916034652365
cal_ood:7:6,synthetic-judge,cal_ood,ood,cal_ood_task7,0,0.28083147496868865
cal_ood:7:7,synthetic-judge,cal_ood,ood,cal_ood_task7,0,2.445927594684632
cal_ood:7:8,synthetic-judge,cal_ood,ood,cal_ood_task7,1,-1.7780802518753136
cal_ood:7:9,synthetic-judge,cal_ood,ood,cal_ood_task7,0,-0.41805841724226656
cal_ood:7:10,synthetic-judge,cal_ood,ood,cal_ood_task7,1,0.7050134327106357
cal_ood:7:11,synthetic-judge,cal_ood,ood,cal_ood_task7,0,-4.4461891926820245
cal_ood:7:12,synthetic-judge,cal_ood,ood,cal_ood_task7,1,1.5419055104237085
cal_ood:7:13,synthetic-judge,cal_ood,ood,cal_ood_task7,1,3.2886322128758487
cal_ood:7:14,synthetic-judge,cal_ood,ood,cal_ood_task7,1,1.2112926333351317
cal_ood:7:15,synthetic-judge,cal_ood,ood,cal_ood_task7,0,-1.0346510339590163
cal_ood:7:16,synthetic-judge,cal_ood,ood,cal_ood_task7,0,-1.6636698286597458
cal_ood:7:17,synthetic-judge,cal_ood,ood,cal_ood_task7,1,0.7851918363666346
cal_ood:7:18,synthetic-judge,cal_ood,ood,cal_ood_task7,0,4.583687821985568
cal_ood:7:19,synthetic-judge,cal_ood,ood,cal_ood_task7,1,3.7336135359386695
test_ood:0:0,synthetic-judge,test_ood,ood,test_ood_task0,0,-0.8657268207190392
test_ood:0:1,synthetic-judge,test_ood,ood,test_ood_task0,1,2.9591888592599607
test_ood:0:2,synthetic-judge,test_ood,ood,test_ood_task0,0,-0.08999813331028461
test_ood:0:3,synthetic-judge,test_ood,ood,test_ood_task0,1,0.6271170447767687
test_ood:0:4,synthetic-judge,test_ood,ood,test_ood_task0,0,-0.7964525092879147
test_ood:0:5,synthetic-judge,test_ood,ood,test_ood_task0,0,-5.0194801736119254
test_ood:0:6,synthetic-judge,test_ood,ood,test_ood_task0,0,5.515758711972683
test_ood:0:7,synthetic-judge,test_ood,ood,test_ood_task0,1,3.878097719524334
test_ood:0:8,synthetic-judge,test_ood,ood,test_ood_task0,0,-0.6521358380570113
test_ood:0:9,synthetic-judge,test_ood,ood,test_ood_task0,1,-1.1266300645092162
test_ood:0:10,synthetic-judge,test_ood,ood,test_ood_task0,1,4.938569752454717
test_ood:0:11,synthetic-judge,test_ood,ood,test_ood_task0,1,6.792684611752723
test_ood:0:12,synthetic-judge,test_ood,ood,test_ood_task0,0,-1.4122800305556957
test_ood:0:13,synthetic-judge,test_ood,ood,test_ood_task0,1,-0.08570621793863609
test_ood:0:14,synthetic-judge,test_ood,ood,test_ood_task0,1,0.936990735419788
test_ood:0:15,synthetic-judge,test_ood,ood,test_ood_task0,1,2.391008764060425
test_ood:0:16,synthetic-judge,test_ood,ood,test_ood_task0,0,-0.20870409144123836
test_ood:0:17,synthetic-judge,test_ood,ood,test_ood_task0,0,0.6510655863195214
test_ood:0:18,synthetic-judge,test_ood,ood,test_ood_task0,1,2.4655358515434687
test_ood:0:19,synthetic-judge,test_ood,ood,test_ood_task0,0,-1.5257839811937797
test_ood:1:0,synthetic-judge,test_ood,ood,test_ood_task1,0,2.2797663642279966
test_ood:1:1,synthetic-judge,test_ood,ood,test_ood_task1,0,-1.2519380032649123
test_ood:1:2,synthetic-judge,test_ood,ood,test_ood_task1,1,3.2702427017201705
test_ood:1:3,synthetic-judge,test_ood,ood,test_ood_task1,0,1.5484741883193802
test_ood:1:4,synthetic-judge,test_ood,ood,test_ood_task1,0,-1.8233562056939978
test_ood:1:5,synthetic-judge,test_ood,ood,test_ood_task1,0,-0.7683260764163706
test_ood:1:6,synthetic-judge,test_ood,ood,test_ood_task1,1,5.111223251589806
test_ood:1:7,synthetic-judge,test_ood,ood,test_ood_task1,0,-1.720080204192937
test_ood:1:8,synthetic-judge,test_ood,ood,test_ood_task1,0,-4.510950565447486
test_ood:1:9,synthetic-judge,test_ood,ood,test_ood_task1,0,-2.1594384956481605
test_ood:1:10,synthetic-judge,test_ood,ood,test_ood_task1,0,1.4558863711002705
test_ood:1:11,synthetic-judge,test_ood,ood,test_ood_task1,0,2.1143553907360593
test_ood:1:12,synthetic-judge,test_ood,ood,test_ood_task1,0,-4.146345104658506
test_ood:1:13,synthetic-judge,test_ood,ood,test_ood_task1,1,2.749228075298708
test_ood:1:14,synthetic-judge,test_ood,ood,test_ood_task1,0,0.9545674149276486
test_ood:1:15,synthetic-judge,test_ood,ood,test_ood_task1,1,0.0044802058896213914
test_ood:1:16,synthetic-judge,test_ood,ood,test_ood_task1,0,-2.475142532059043
test_ood:1:17,synthetic-judge,test_ood,ood,test_ood_task1,0,2.9091929119781557
test_ood:1:18,synthetic-judge,test_ood,ood,test_ood_task1,0,-7.395873979524181
test_ood:1:19,synthetic-judge,test_ood,ood,test_ood_task1,1,-1.335596327481051
test_ood:2:0,synthetic-judge,test_ood,ood,test_ood_task2,0,-0.32502290103338005
test_ood:2:1,synthetic-judge,test_ood,ood,test_ood_task2,1,6.82995420716008
test_ood:2:2,synthetic-judge,test_ood,ood,test_ood_task2,0,3.2661459801162094
test_ood:2:3,synthetic-judge,test_ood,ood,test_ood_task2,0,-2.3819826076524317
test_ood:2:4,synthetic-judge,test_ood,ood,test_ood_task2,1,0.35434993064058395
test_ood:2:5,synthetic-judge,test_ood,ood,test_ood_task2,0,-0.8568507950722251
test_ood:2:6,synthetic-judge,test_ood,ood,test_ood_task2,1,3.3114926177283817
test_ood:2:7,synthetic-judge,test_ood,ood,test_ood_task2,0,-2.1332278477033704
test_ood:2:8,synthetic-judge,test_ood,ood,test_ood_task2,0,-2.373922918081229
test_ood:2:9,synthetic-judge,test_ood,ood,test_ood_task2,1,4.451637930414444
test_ood:2:10,synthetic-judge,test_ood,ood,test_ood_task2,0,-0.2515909661001037
test_ood:2:11,synthetic-judge,test_ood,ood,test_ood_task2,1,2.3341208019245943
test_ood:2:12,synthetic-judge,test_ood,ood,test_ood_task2,1,4.080018694677353
test_ood:2:13,synthetic-judge,test_ood,ood,test_ood_task2,1,5.810359915186934
test_ood:2:14,synthetic-judge,test_ood,ood,test_ood_task2,0,-3.0958700594759545
test_ood:2:15,synthetic-judge,test_ood,ood,test_ood_task2,0,1.066634199619004
test_ood:2:16,synthetic-judge,test_ood,ood,test_ood_task2,1,0.3586544686276161
test_ood:2:17,synthetic-judge,test_ood,ood,test_ood_task2,0,2.7373579086137845
test_ood:2:18,synthetic-judge,test_ood,ood,test_ood_task2,1,-0.5610283963675409
test_ood:2:19,synthetic-judge,test_ood,ood,test_ood_task2,0,1.7077463110186546
test_ood:3:0,synthetic-judge,test_ood,ood,test_ood_task3,0,-0.6858744615424974
test_ood:3:1,synthetic-judge,test_ood,ood,test_ood_task3,1,0.48534686571730945
test_ood:3:2,synthetic-judge,test_ood,ood,test_ood_task3,1,3.2829729114486392
test_ood:3:3,synthetic-judge,test_ood,ood,test_ood_task3,0,6.2079845675939485
test_ood:3:4,synthetic-judge,test_ood,ood,test_ood_task3,0,-5.561128472665795
test_ood:3:5,synthetic-judge,test_ood,ood,test_ood_task3,1,5.404642766351073
test_ood:3:6,synthetic-judge,test_ood,ood,test_ood_task3,1,2.7636190907565634
test_ood:3:7,synthetic-judge,test_ood,ood,test_ood_task3,0,-3.499878183877848
test_ood:3:8,synthetic-judge,test_ood,ood,test_ood_task3,0,1.5222744278410052
test_ood:3:9,synthetic-judge,test_ood,ood,test_ood_task3,0,1.8023714996807536
test_ood:3:10,synthetic-judge,test_ood,ood,test_ood_task3,0,1.215774393886185
test_ood:3:11,synthetic-judge,test_ood,ood,test_ood_task3,0,-2.9671034598718116
test_ood:3:12,synthetic-judge,test_ood,ood,test_ood_task3,1,-0.17738582187864216
test_ood:3:13,synthetic-judge,test_ood,ood,test_ood_task3,0,1.1383488672381825
test_ood:3:14,synthetic-judge,test_ood,ood,test_ood_task3,1,0.8745278751202474
test_ood:3:15,synthetic-judge,test_ood,ood,test_ood_task3,0,0.9456781603415542
test_ood:3:16,synthetic-judge,test_ood,ood,test_ood_task3,0,1.121932940007254
test_ood:3:17,synthetic-judge,test_ood,ood,test_ood_task3,1,2.148215414093051
test_ood:3:18,synthetic-judge,test_ood,ood,test_ood_task3,0,2.559089654469121
test_ood:3:19,synthetic-judge,test_ood,ood,test_ood_task3,1,3.7443300375220865
test_ood:4:0,synthetic-judge,test_ood,ood,test_ood_task4,0,-1.3641385908402355
test_ood:4:1,synthetic-judge,test_ood,ood,test_ood_task4,0,-4.544453325685911
test_ood:4:2,synthetic-judge,test_ood,ood,test_ood_task4,0,-1.143097073918247
test_ood:4:3,synthetic-judge,test_ood,ood,test_ood_task4,0,-2.3267375588892687
test_ood:4:4,synthetic-judge,test_ood,ood,test_ood_task4,0,5.46003489885153
test_ood:4:5,synthetic-judge,test_ood,ood,test_ood_task4,1,-2.406606733220548
test_ood:4:6,synthetic-judge,test_ood,ood,test_ood_task4,0,3.1254672781698325
test_ood:4:7,synthetic-judge,test_ood,ood,test_ood_task4,0,1.8089382243058296
test_ood:4:8,synthetic-judge,test_ood,ood,test_ood_task4,1,1.0443606323820795
test_ood:4:9,synthetic-judge,test_ood,ood,test_ood_task4,0,-2.357086566260058
test_ood:4:10,synthetic-judge,test_ood,ood,test_ood_task4,0,3.795191172215285
test_ood:4:11,synthetic-judge,test_ood,ood,test_ood_task4,0,2.3139435622371063
test_ood:4:12,synthetic-judge,test_ood,ood,test_ood_task4,1,3.6718485603990247
test_ood:4:13,synthetic-judge,test_ood,ood,test_ood_task4,1,1.9140322920941366
test_ood:4:14,synthetic-judge,test_ood,ood,test_ood_task4,0,0.10324855553332357
test_ood:4:15,synthetic-judge,test_ood,ood,test_ood_task4,1,0.7312896776742004
test_ood:4:16,synthetic-judge,test_ood,ood,test_ood_task4,0,0.4641895565782156
test_ood:4:17,synthetic-judge,test_ood,ood,test_ood_task4,0,-1.9121559806132042
test_ood:4:18,synthetic-judge,test_ood,ood,test_ood_task4,0,-2.4360606195741905
test_ood:4:19,synthetic-judge,test_ood,ood,test_ood_task4,0,3.5701784038256728
test_ood:5:0,synthetic-judge,test_ood,ood,test_ood_task5,1,4.9494908310907935
test_ood:5:1,synthetic-judge,test_ood,ood,test_ood_task5,0,-2.673574774368689
test_ood:5:2,synthetic-judge,test_ood,ood,test_ood_task5,0,0.7857908725066638
test_ood:5:3,synthetic-judge,test_ood,ood,test_ood_task5,0,-0.9809249191015028
test_ood:5:4,synthetic-judge,test_ood,ood,test_ood_task5,0,0.9039359646962317
test_ood:5:5,synthetic-judge,test_ood,ood,test_ood_task5,1,0.2548432914929566
test_ood:5:6,synthetic-judge,test_ood,ood,test_ood_task5,1,-0.7819373751808933
test_ood:5:7,synthetic-judge,test_ood,ood,test_ood_task5,1,1.112241559059133
test_ood:5:8,synthetic-judge,test_ood,ood,test_ood_task5,0,-1.9548203397658375
test_ood:5:9,synthetic-judge,test_ood,ood,test_ood_task5,0,-0.007524616747982993
test_ood:5:10,synthetic-judge,test_ood,ood,test_ood_task5,1,1.09631173746281
test_ood:5:11,synthetic-judge,test_ood,ood,test_ood_task5,0,-0.9809521670271661
test_ood:5:12,synthetic-judge,test_ood,ood,test_ood_task5,1,1.6900462033631962
test_ood:5:13,synthetic-judge,test_ood,ood,test_ood_task5,0,-4.257236999674094
test_ood:5:14,synthetic-judge,test_ood,ood,test_ood_task5,0,-6.062560914180977
test_ood:5:15,synthetic-judge,test_ood,ood,test_ood_task5,1,2.942000608024269
test_ood:5:16,synthetic-judge,test_ood,ood,test_ood_task5,1,1.5729950095444378
test_ood:5:17,synthetic-judge,test_ood,ood,test_ood_task5,0,1.5432009054718285
test_ood:5:18,synthetic-judge,test_ood,ood,test_ood_task5,0,2.0869446571722268
test_ood:5:19,synthetic-judge,test_ood,ood,test_ood_task5,0,-1.3238037853127942
test_ood:6:0,synthetic-judge,test_ood,ood,test_ood_task6,1,3.492221925362797
test_ood:6:1,synthetic-judge,test_ood,ood,test_ood_task6,0,3.094200901300072
test_ood:6:2,synthetic-judge,test_ood,ood,test_ood_task6,0,-5.458625857274423
test_ood:6:3,synthetic-judge,test_ood,ood,test_ood_task6,0,3.007992318047752
test_ood:6:4,synthetic-judge,test_ood,ood,test_ood_task6,0,-9.62977439076058
test_ood:6:5,synthetic-judge,test_ood,ood,test_ood_task6,0,2.2491217623173387
test_ood:6:6,synthetic-judge,test_ood,ood,test_ood_task6,0,-1.6808923375971307
test_ood:6:7,synthetic-judge,test_ood,ood,test_ood_task6,0,-3.917321811528451
test_ood:6:8,synthetic-judge,test_ood,ood,test_ood_task6,1,0.3178951430302974
test_ood:6:9,synthetic-judge,test_ood,ood,test_ood_task6,1,-1.1544358138805668
test_ood:6:10,synthetic-judge,test_ood,ood,test_ood_task6,0,-3.01978748777078
test_ood:6:11,synthetic-judge,test_ood,ood,test_ood_task6,1,2.9064203380936373
test_ood:6:12,synthetic-judge,test_ood,ood,test_ood_task6,0,-6.271474563603864
test_ood:6:13,synthetic-judge,test_ood,ood,test_ood_task6,0,-0.9002344805649984
test_ood:6:14,synthetic-judge,test_ood,ood,test_ood_task6,1,-0.4883965371266603
test_ood:6:15,synthetic-judge,test_ood,ood,test_ood_task6,0,-4.8063426550262935
test_ood:6:16,synthetic-judge,test_ood,ood,test_ood_task6,0,-5.306513860523571
test_ood:6:17,synthetic-judge,test_ood,ood,test_ood_task6,1,-0.28789651632812485
test_ood:6:18,synthetic-judge,test_ood,ood,test_ood_task6,1,0.2489189792783899
test_ood:6:19,synthetic-judge,test_ood,ood,test_ood_task6,0,-0.6062644656151157
test_ood:7:0,synthetic-judge,test_ood,ood,test_ood_task7,1,0.4649916609572191
test_ood:7:1,synthetic-judge,test_ood,ood,test_ood_task7,1,8.032686411515
test_ood:7:2,synthetic-judge,test_ood,ood,test_ood_task7,1,-0.836041888581845
test_ood:7:3,synthetic-judge,test_ood,ood,test_ood_task7,0,2.7789104797228
test_ood:7:4,synthetic-judge,test_ood,ood,test_ood_task7,0,-0.41568386159989545
test_ood:7:5,synthetic-judge,test_ood,ood,test_ood_task7,0,-1.5184642547148282
test_ood:7:6,synthetic-judge,test_ood,ood,test_ood_task7,0,1.5751598208083673
test_ood:7:7,synthetic-judge,test_ood,ood,test_ood_task7,1,4.54882789219451
test_ood:7:8,synthetic-judge,test_ood,ood,test_ood_task7,0,3.905033652279645
test_ood:7:9,synthetic-judge,test_ood,ood,test_ood_task7,1,-1.7261594695004145
test_ood:7:10,synthetic-judge,test_ood,ood,test_ood_task7,1,2.52441304446056
test_ood:7:11,synthetic-judge,test_ood,ood,test_ood_task7,1,3.6759223806919543
test_ood:7:12,synthetic-judge,test_ood,ood,test_ood_task7,0,-1.2448005784025749
test_ood:7:13,synthetic-judge,test_ood,ood,test_ood_task7,1,3.809254470276784
test_ood:7:14,synthetic-judge,test_ood,ood,test_ood_task7,0,2.397626351139236
test_ood:7:15,synthetic-judge,test_ood,ood,test_ood_task7,1,3.9485513581767515
test_ood:7:16,synthetic-judge,test_ood,ood,test_ood_task7,0,0.3145153277268591
test_ood:7:17,synthetic-judge,test_ood,ood,test_ood_task7,1,2.465048437028107
test_ood:7:18,synthetic-judge,test_ood,ood,test_ood_task7,0,2.8584398031799925
test_ood:7:19,synthetic-judge,test_ood,ood,test_ood_task7,1,1.3584452170301
test_ood:8:0,synthetic-judge,test_ood,ood,test_ood_task8,0,-2.8436204812865014
test_ood:8:1,synthetic-judge,test_ood,ood,test_ood_task8,0,0.8019927523533056
test_ood:8:2,synthetic-judge,test_ood,ood,test_ood_task8,1,1.5101834730888073
test_ood:8:3,synthetic-judge,test_ood,ood,test_ood_task8,0,-3.4331221297443975
test_ood:8:4,synthetic-judge,test_ood,ood,test_ood_task8,1,0.6224098671219855
test_ood:8:5,synthetic-judge,test_ood,ood,test_ood_task8,0,1.6830545858926471
test_ood:8:6,synthetic-judge,test_ood,ood,test_ood_task8,1,1.6335705979520312
test_ood:8:7,synthetic-judge,test_ood,ood,test_ood_task8,1,-1.413998311126559
test_ood:8:8,synthetic-judge,test_ood,ood,test_ood_task8,0,-1.3668911812169204
test_ood:8:9,synthetic-judge,test_ood,ood,test_ood_task8,1,1.308124502620951
test_ood:8:10,synthetic-judge,test_ood,ood,test_ood_task8,1,-3.988779685230945
test_ood:8:11,synthetic-judge,test_ood,ood,test_ood_task8,0,1.3384690560130004
test_ood:8:12,synthetic-judge,test_ood,ood,test_ood_task8,0,-0.2779497361112786
test_ood:8:13,synthetic-judge,test_ood,ood,test_ood_task8,0,-3.2437000859200618
test_ood:8:14,synthetic-judge,test_ood,ood,test_ood_task8,1,3.684273433488041
test_ood:8:15,synthetic-judge,test_ood,ood,test_ood_task8,0,-1.2926231408748414
test_ood:8:16,synthetic-judge,test_ood,ood,test_ood_task8,0,-3.4632540345506415
test_ood:8:17,synthetic-judge,test_ood,ood,test_ood_task8,1,3.2541084302263346
test_ood:8:18,synthetic-judge,test_ood,ood,test_ood_task8,0,-1.5623914874063747
test_ood:8:19,synthetic-judge,test_ood,ood,test_ood_task8,0,3.975835055027252
test_ood:9:0,synthetic-judge,test_ood,ood,test_ood_task9,0,0.6657960894556065
test_ood:9:1,synthetic-judge,test_ood,ood,test_ood_task9,0,-0.9261322250292687
test_ood:9:2,synthetic-judge,test_ood,ood,test_ood_task9,0,-5.188128736454959
test_ood:9:3,synthetic-judge,test_ood,ood,test_ood_task9,0,3.5361507967944363
test_ood:9:4,synthetic-judge,test_ood,ood,test_ood_task9,1,5.100050392961508
test_ood:9:5,synthetic-judge,test_ood,ood,test_ood_task9,1,-0.33482315398552176
test_ood:9:6,synthetic-judge,test_ood,ood,test_ood_task9,1,1.3755595886840741
test_ood:9:7,synthetic-judge,test_ood,ood,test_ood_task9,0,-3.3860674246485853
test_ood:9:8,synthetic-judge,test_ood,ood,test_ood_task9,1,3.0635932538900836
test_ood:9:9,synthetic-judge,test_ood,ood,test_ood_task9,1,2.7547062963216575
test_ood:9:10,synthetic-judge,test_ood,ood,test_ood_task9,0,-0.14996486779513374
test_ood:9:11,synthetic-judge,test_ood,ood,test_ood_task9,0,0.17185771871088695
test_ood:9:12,synthetic-judge,test_ood,ood,test_ood_task9,0,-2.2312105950764374
test_ood:9:13,synthetic-judge,test_ood,ood,test_ood_task9,0,-2.0355727304478597
test_ood:9:14,synthetic-judge,test_ood,ood,test_ood_task9,0,0.1942525114325886
test_ood:9:15,synthetic-judge,test_ood,ood,test_ood_task9,0,-1.8052241377079365
test_ood:9:16,synthetic-judge,test_ood,ood,test_ood_task9,0,-0.17086964628442614
test_ood:9:17,synthetic-judge,test_ood,ood,test_ood_task9,0,-0.13856103095362116
test_ood:9:18,synthetic-judge,test_ood,ood,test_ood_task9,1,4.274223213511745
test_ood:9:19,synthetic-judge,test_ood,ood,test_ood_task9,1,3.5952629943323373
test_ood:10:0,synthetic-judge,test_ood,ood,test_ood_task10,0,2.1706091785570827
test_ood:10:1,synthetic-judge,test_ood,ood,test_ood_task10,1,5.053744691104818
test_ood:10:2,synthetic-judge,test_ood,ood,test_ood_task10,0,-5.628452576749727
test_ood:10:3,synthetic-judge,test_ood,ood,test_ood_task10,0,-1.3288406985905015
test_ood:10:4,synthetic-judge,test_ood,ood,test_ood_task10,1,0.36318829489918447
test_ood:10:5,synthetic-judge,test_ood,ood,test_ood_task10,1,2.2716787586034455
test_ood:10:6,synthetic-judge,test_ood,ood,test_ood_task10,1,2.2606358168183314
test_ood:10:7,synthetic-judge,test_ood,ood,test_ood_task10,0,-1.9004026925350308
test_ood:10:8,synthetic-judge,test_ood,ood,test_ood_task10,1,4.676895221866468
test_ood:10:9,synthetic-judge,test_ood,ood,test_ood_task10,1,2.9738810467527212
test_ood:10:10,synthetic-judge,test_ood,ood,test_ood_task10,0,1.7918618163329687
test_ood:10:11,synthetic-judge,test_ood,ood,test_ood_task10,0,-0.9978510252234005
test_ood:10:12,synthetic-judge,test_ood,ood,test_ood_task10,1,4.864438181476747
test_ood:10:13,synthetic-judge,test_ood,ood,test_ood_task10,0,3.8731982559987923
test_ood:10:14,synthetic-judge,test_ood,ood,test_ood_task10,0,2.904469499456569
test_ood:10:15,synthetic-judge,test_ood,ood,test_ood_task10,1,0.23112413967079626
test_ood:10:16,synthetic-judge,test_ood,ood,test_ood_task10,1,2.4080004004600277
test_ood:10:17,synthetic-judge,test_ood,ood,test_ood_task10,0,-1.754019493957697
test_ood:10:18,synthetic-judge,test_ood,ood,test_ood_task10,0,3.6949032083689146
test_ood:10:19,synthetic-judge,test_ood,ood,test_ood_task10,0,-1.9414795391661945
test_ood:11:0,synthetic-judge,test_ood,ood,test_ood_task11,0,1.1957931087258589
test_ood:11:1,synthetic-judge,test_ood,ood,test_ood_task11,0,-2.603845173576996
test_ood:11:2,synthetic-judge,test_ood,ood,test_ood_task11,0,-3.449358664589801
test_ood:11:3,synthetic-judge,test_ood,ood,test_ood_task11,0,0.5177317673686104
test_ood:11:4,synthetic-judge,test_ood,ood,test_ood_task11,0,-0.15095301578987952
test_ood:11:5,synthetic-judge,test_ood,ood,test_ood_task11,1,3.7789754454968456
test_ood:11:6,synthetic-judge,test_ood,ood,test_ood_task11,0,-5.711780865813875
test_ood:11:7,synthetic-judge,test_ood,ood,test_ood_task11,0,0.7965003171704995
test_ood:11:8,synthetic-judge,test_ood,ood,test_ood_task11,0,-1.3225796878621452
test_ood:11:9,synthetic-judge,test_ood,ood,test_ood_task11,1,5.460969452571294
test_ood:11:10,synthetic-judge,test_ood,ood,test_ood_task11,0,-1.7553611972849161
test_ood:11:11,synthetic-judge,test_ood,ood,test_ood_task11,0,-1.1241291730595595
test_ood:11:12,synthetic-judge,test_ood,ood,test_ood_task11,0,3.2376210488545167
test_ood:11:13,synthetic-judge,test_ood,ood,test_ood_task11,1,1.3416788358617324
test_ood:11:14,synthetic-judge,test_ood,ood,test_ood_task11,0,0.4624567231844423
test_ood:11:15,synthetic-judge,test_ood,ood,test_ood_task11,0,0.7064097805574787
test_ood:11:16,synthetic-judge,test_ood,ood,test_ood_task11,0,-0.9451320164858832
test_ood:11:17,synthetic-judge,test_ood,ood,test_ood_task11,0,-0.036563807108934476
test_ood:11:18,synthetic-judge,test_ood,ood,test_ood_task11,0,1.9181190078219235
test_ood:11:19,synthetic-judge,test_ood,ood,test_ood_task11,0,-1.9484894375463
test_ood:12:0,synthetic-judge,test_ood,ood,test_ood_task12,0,2.2782313675844508
test_ood:12:1,synthetic-judge,test_ood,ood,test_ood_task12,1,3.123918738936671
test_ood:12:2,synthetic-judge,test_ood,ood,test_ood_task12,0,-7.348195431244616
test_ood:12:3,synthetic-judge,test_ood,ood,test_ood_task12,0,-0.8790571040406765
test_ood:12:4,synthetic-judge,test_ood,ood,test_ood_task12,0,-1.463269206108106
test_ood:12:5,synthetic-judge,test_ood,ood,test_ood_task12,1,-1.8039452291877796
test_ood:12:6,synthetic-judge,test_ood,ood,test_ood_task12,0,-1.480416251341269
test_ood:12:7,synthetic-judge,test_ood,ood,test_ood_task12,0,3.050834928054984
test_ood:12:8,synthetic-judge,test_ood,ood,test_ood_task12,1,-3.522988100300669
test_ood:12:9,synthetic-judge,test_ood,ood,test_ood_task12,0,0.09055252146147352
test_ood:12:10,synthetic-judge,test_ood,ood,test_ood_task12,0,-0.7834766293778732
test_ood:12:11,synthetic-judge,test_ood,ood,test_ood_task12,0,-0.8497156915479365
test_ood:12:12,synthetic-judge,test_ood,ood,test_ood_task12,0,-0.991861356075419
test_ood:12:13,synthetic-judge,test_ood,ood,test_ood_task12,0,-4.824836650519887
test_ood:12:14,synthetic-judge,test_ood,ood,test_ood_task12,0,-2.4096461568431176
test_ood:12:15,synthetic-judge,test_ood,ood,test_ood_task12,0,-3.641645751602341
test_ood:12:16,synthetic-judge,test_ood,ood,test_ood_task12,0,-4.052380794223719
test_ood:12:17,synthetic-judge,test_ood,ood,test_ood_task12,1,0.2501123614601779
test_ood:12:18,synthetic-judge,test_ood,ood,test_ood_task12,0,-0.6206493256688508
test_ood:12:19,synthetic-judge,test_ood,ood,test_ood_task12,0,1.249957793776539
test_ood:13:0,synthetic-judge,test_ood,ood,test_ood_task13,0,-4.3236721801786615
test_ood:13:1,synthetic-judge,test_ood,ood,test_ood_task13,0,3.610057790292549
test_ood:13:2,synthetic-judge,test_ood,ood,test_ood_task13,0,-2.393682841011541
test_ood:13:3,synthetic-judge,test_ood,ood,test_ood_task13,1,2.1374953223850484
test_ood:13:4,synthetic-judge,test_ood,ood,test_ood_task13,0,-0.23166085618583487
test_ood:13:5,synthetic-judge,test_ood,ood,test_ood_task13,0,-3.755395721224356
test_ood:13:6,synthetic-judge,test_ood,ood,test_ood_task13,0,-0.8466680237587425
test_ood:13:7,synthetic-judge,test_ood,ood,test_ood_task13,0,-3.0455199589283666
test_ood:13:8,synthetic-judge,test_ood,ood,test_ood_task13,0,1.4116444484921093
test_ood:13:9,synthetic-judge,test_ood,ood,test_ood_task13,0,-2.693782552998604
test_ood:13:10,synthetic-judge,test_ood,ood,test_ood_task13,0,4.382328675462742
test_ood:13:11,synthetic-judge,test_ood,ood,test_ood_task13,0,5.973404174359616
test_ood:13:12,synthetic-judge,test_ood,ood,test_ood_task13,0,-2.9310308165792662
test_ood:13:13,synthetic-judge,test_ood,ood,test_ood_task13,0,-2.072308539845308
test_ood:13:14,synthetic-judge,test_ood,ood,test_ood_task13,1,3.8180701028869164
test_ood:13:15,synthetic-judge,test_ood,ood,test_ood_task13,1,1.7106681838447473
test_ood:13:16,synthetic-judge,test_ood,ood,test_ood_task13,1,4.420889380843486
test_ood:13:17,synthetic-judge,test_ood,ood,test_ood_task13,1,-2.2759254185662012
test_ood:13:18,synthetic-judge,test_ood,ood,test_ood_task13,1,-0.8448322325798476
test_ood:13:19,synthetic-judge,test_ood,ood,test_ood_task13,0,3.835754610196345
test_ood:14:0,synthetic-judge,test_ood,ood,test_ood_task14,1,3.361102999692288
test_ood:14:1,synthetic-judge,test_ood,ood,test_ood_task14,1,1.7409698221936925
test_ood:14:2,synthetic-judge,test_ood,ood,test_ood_task14,1,-1.860189912964029
test_ood:14:3,synthetic-judge,test_ood,ood,test_ood_task14,0,-1.592526646780553
test_ood:14:4,synthetic-judge,test_ood,ood,test_ood_task14,1,3.151172068092527
test_ood:14:5,synthetic-judge,test_ood,ood,test_ood_task14,0,1.3726936839693775
test_ood:14:6,synthetic-judge,test_ood,ood,test_ood_task14,0,-0.7014021732935309
test_ood:14:7,synthetic-judge,test_ood,ood,test_ood_task14,0,1.9790550960724556
test_ood:14:8,synthetic-judge,test_ood,ood,test_ood_task14,1,2.8787411724719503
test_ood:14:9,synthetic-judge,test_ood,ood,test_ood_task14,1,3.747255035851569
test_ood:14:10,synthetic-judge,test_ood,ood,test_ood_task14,0,0.031502701360908936
test_ood:14:11,synthetic-judge,test_ood,ood,test_ood_task14,1,-1.1401219709627997
test_ood:14:12,synthetic-judge,test_ood,ood,test_ood_task14,0,0.2203011829639494
test_ood:14:13,synthetic-judge,test_ood,ood,test_ood_task14,1,2.026151204153117
test_ood:14:14,synthetic-judge,test_ood,ood,test_ood_task14,1,3.8731378174771596
test_ood:14:15,synthetic-judge,test_ood,ood,test_ood_task14,0,-3.9717519921938695
test_ood:14:16,synthetic-judge,test_ood,ood,test_ood_task14,0,1.2202988924393194
test_ood:14:17,synthetic-judge,test_ood,ood,test_ood_task14,0,2.655071704936944
test_ood:14:18,synthetic-judge,test_ood,ood,test_ood_task14,0,-2.75288918494015
test_ood:14:19,synthetic-judge,test_ood,ood,test_ood_task14,1,-2.502044668364827
test_ood:15:0,synthetic-judge,test_ood,ood,test_ood_task15,0,2.183901006919826
test_ood:15:1,synthetic-judge,test_ood,ood,test_ood_task15,1,4.816629158266421
test_ood:15:2,synthetic-judge,test_ood,ood,test_ood_task15,1,1.5600206325939177
test_ood:15:3,synthetic-judge,test_ood,ood,test_ood_task15,0,3.453549018900511
test_ood:15:4,synthetic-judge,test_ood,ood,test_ood_task15,1,0.41738682857873277
test_ood:15:5,synthetic-judge,test_ood,ood,test_ood_task15,1,4.064783184404099
test_ood:15:6,synthetic-judge,test_ood,ood,test_ood_task15,0,-0.4585654741498444
test_ood:15:7,synthetic-judge,test_ood,ood,test_ood_task15,0,4.455246315231414
test_ood:15:8,synthetic-judge,test_ood,ood,test_ood_task15,0,-4.607175104898576
test_ood:15:9,synthetic-judge,test_ood,ood,test_ood_task15,1,2.2289236245933464
test_ood:15:10,synthetic-judge,test_ood,ood,test_ood_task15,0,2.562619165758955
test_ood:15:11,synthetic-judge,test_ood,ood,test_ood_task15,0,-1.785675093089028
test_ood:15:12,synthetic-judge,test_ood,ood,test_ood_task15,0,-4.592238757573868
test_ood:15:13,synthetic-judge,test_ood,ood,test_ood_task15,0,0.6233668471609002
test_ood:15:14,synthetic-judge,test_ood,ood,test_ood_task15,0,1.3414142587798161
test_ood:15:15,synthetic-judge,test_ood,ood,test_ood_task15,1,4.47213810542238
test_ood:15:16,synthetic-judge,test_ood,ood,test_ood_task15,0,-0.09769959828519403
test_ood:15:17,synthetic-judge,test_ood,ood,test_ood_task15,1,1.9642057846804843
test_ood:15:18,synthetic-judge,test_ood,ood,test_ood_task15,1,1.0918853845102754
test_ood:15:19,synthetic-judge,test_ood,ood,test_ood_task15,1,3.2116625189763726
test_ood:16:0,synthetic-judge,test_ood,ood,test_ood_task16,1,3.733758051400125
test_ood:16:1,synthetic-judge,test_ood,ood,test_ood_task16,0,-3.198403782788839
test_ood:16:2,synthetic-judge,test_ood,ood,test_ood_task16,1,4.573322297149015
test_ood:16:3,synthetic-judge,test_ood,ood,test_ood_task16,0,-3.4079980845389066
test_ood:16:4,synthetic-judge,test_ood,ood,test_ood_task16,0,-1.6367487925073938
test_ood:16:5,synthetic-judge,test_ood,ood,test_ood_task16,0,-0.46648655193513755
test_ood:16:6,synthetic-judge,test_ood,ood,test_ood_task16,1,7.80550474616571
test_ood:16:7,synthetic-judge,test_ood,ood,test_ood_task16,0,3.207388371191705
test_ood:16:8,synthetic-judge,test_ood,ood,test_ood_task16,0,4.303649060254386
test_ood:16:9,synthetic-judge,test_ood,ood,test_ood_task16,1,4.80888739602079
test_ood:16:10,synthetic-judge,test_ood,ood,test_ood_task16,0,-2.498786396249834
test_ood:16:11,synthetic-judge,test_ood,ood,test_ood_task16,0,-3.154328759418827
test_ood:16:12,synthetic-judge,test_ood,ood,test_ood_task16,0,-2.6635410903960337
test_ood:16:13,synthetic-judge,test_ood,ood,test_ood_task16,0,8.01138557702816
test_ood:16:14,synthetic-judge,test_ood,ood,test_ood_task16,1,-0.882372622544503
test_ood:16:15,synthetic-judge,test_ood,ood,test_ood_task16,0,1.119576957750695
test_ood:16:16,synthetic-judge,test_ood,ood,test_ood_task16,1,0.0971400739757382
test_ood:16:17,synthetic-judge,test_ood,ood,test_ood_task16,1,1.1756536443039827
test_ood:16:18,synthetic-judge,test_ood,ood,test_ood_task16,1,5.453136394225702
test_ood:16:19,synthetic-judge,test_ood,ood,test_ood_task16,0,-5.132142281001596
test_ood:17:0,synthetic-judge,test_ood,ood,test_ood_task17,0,-5.230961147200911
test_ood:17:1,synthetic-judge,test_ood,ood,test_ood_task17,0,0.23792950204716323
test_ood:17:2,synthetic-judge,test_ood,ood,test_ood_task17,0,-5.038621300664467
test_ood:17:3,synthetic-judge,test_ood,ood,test_ood_task17,0,-0.533299845734077
test_ood:17:4,synthetic-judge,test_ood,ood,test_ood_task17,1,-0.16474332648632406
test_ood:17:5,synthetic-judge,test_ood,ood,test_ood_task17,0,-1.119636154532527
test_ood:17:6,synthetic-judge,test_ood,ood,test_ood_task17,0,-0.9407998629098973
test_ood:17:7,synthetic-judge,test_ood,ood,test_ood_task17,0,1.4244622066659627
test_ood:17:8,synthetic-judge,test_ood,ood,test_ood_task17,1,-1.9120048042856128
test_ood:17:9,synthetic-judge,test_ood,ood,test_ood_task17,0,0.4406525351951136
test_ood:17:10,synthetic-judge,test_ood,ood,test_ood_task17,0,0.1323117851407143
test_ood:17:11,synthetic-judge,test_ood,ood,test_ood_task17,0,-3.6342141775408816
test_ood:17:12,synthetic-judge,test_ood,ood,test_ood_task17,0,-0.8225577069610228
test_ood:17:13,synthetic-judge,test_ood,ood,test_ood_task17,0,-0.6919193849579317
test_ood:17:14,synthetic-judge,test_ood,ood,test_ood_task17,0,-3.779000518416363
test_ood:17:15,synthetic-judge,test_ood,ood,test_ood_task17,1,5.649568325170128
test_ood:17:16,synthetic-judge,test_ood,ood,test_ood_task17,0,2.364511795041211
test_ood:17:17,synthetic-judge,test_ood,ood,test_ood_task17,1,0.8038892746332199
test_ood:17:18,synthetic-judge,test_ood,ood,test_ood_task17,0,3.7060764014641623
test_ood:17:19,synthetic-judge,test_ood,ood,test_ood_task17,0,-3.1548419253927564
test_ood:18:0,synthetic-judge,test_ood,ood,test_ood_task18,0,-1.3561146966935338
test_ood:18:1,synthetic-judge,test_ood,ood,test_ood_task18,0,-4.578266124054063
test_ood:18:2,synthetic-judge,test_ood,ood,test_ood_task18,0,-0.5498678414535081
test_ood:18:3,synthetic-judge,test_ood,ood,test_ood_task18,0,-6.694280325673875
test_ood:18:4,synthetic-judge,test_ood,ood,test_ood_task18,1,1.1149744628801923
test_ood:18:5,synthetic-judge,test_ood,ood,test_ood_task18,1,-2.0748349299933055
test_ood:18:6,synthetic-judge,test_ood,ood,test_ood_task18,0,-4.448404293432729
test_ood:18:7,synthetic-judge,test_ood,ood,test_ood_task18,0,-1.6624773957094714
test_ood:18:8,synthetic-judge,test_ood,ood,test_ood_task18,0,3.26163900450356
test_ood:18:9,synthetic-judge,test_ood,ood,test_ood_task18,0,3.5588864842406283
test_ood:18:10,synthetic-judge,test_ood,ood,test_ood_task18,0,3.224260974654153
test_ood:18:11,synthetic-judge,test_ood,ood,test_ood_task18,0,1.5871547335045477
test_ood:18:12,synthetic-judge,test_ood,ood,test_ood_task18,0,-2.2775205315911333
test_ood:18:13,synthetic-judge,test_ood,ood,test_ood_task18,0,2.5589603150102076
test_ood:18:14,synthetic-judge,test_ood,ood,test_ood_task18,1,3.952533452444412
test_ood:18:15,synthetic-judge,test_ood,ood,test_ood_task18,0,-3.4938107203311333
test_ood:18:16,synthetic-judge,test_ood,ood,test_ood_task18,1,-1.103060518976247
test_ood:18:17,synthetic-judge,test_ood,ood,test_ood_task18,0,1.4991575659948309
test_ood:18:18,synthetic-judge,test_ood,ood,test_ood_task18,0,-1.1751055123360428
test_ood:18:19,synthetic-judge,test_ood,ood,test_ood_task18,1,1.3293139520568706
test_ood:19:0,synthetic-judge,test_ood,ood,test_ood_task19,1,0.017185312969307698
test_ood:19:1,synthetic-judge,test_ood,ood,test_ood_task19,0,-6.009911954147126
test_ood:19:2,synthetic-judge,test_ood,ood,test_ood_task19,0,-1.6692163004776304
test_ood:19:3,synthetic-judge,test_ood,ood,test_ood_task19,0,-1.0076733892164675
test_ood:19:4,synthetic-judge,test_ood,ood,test_ood_task19,1,2.205798060257734
test_ood:19:5,synthetic-judge,test_ood,ood,test_ood_task19,0,-0.4746543083671484
test_ood:19:6,synthetic-judge,test_ood,ood,test_ood_task19,0,-0.9712436483686218
test_ood:19:7,synthetic-judge,test_ood,ood,test_ood_task19,1,0.36058813391679423
test_ood:19:8,synthetic-judge,test_ood,ood,test_ood_task19,0,-3.5426073252685315
test_ood:19:9,synthetic-judge,test_ood,ood,test_ood_task19,0,-2.1068027489465315
test_ood:19:10,synthetic-judge,test_ood,ood,test_ood_task19,0,-1.861048734679411
test_ood:19:11,synthetic-judge,test_ood,ood,test_ood_task19,0,0.5524216003679825
test_ood:19:12,synthetic-judge,test_ood,ood,test_ood_task19,1,-3.455860023097337
test_ood:19:13,synthetic-judge,test_ood,ood,test_ood_task19,1,1.2603597833168037
test_ood:19:14,synthetic-judge,test_ood,ood,test_ood_task19,0,-2.9349386684237526
test_ood:19:15,synthetic-judge,test_ood,ood,test_ood_task19,1,0.16448871847286983
test_ood:19:16,synthetic-judge,test_ood,ood,test_ood_task19,0,-4.741204678119735
test_ood:19:17,synthetic-judge,test_ood,ood,test_ood_task19,0,-2.625042284025892
test_ood:19:18,synthetic-judge,test_ood,ood,test_ood_task19,0,2.2362943255704275
test_ood:19:19,synthetic-judge,test_ood,ood,test_ood_task19,0,-0.5910945285123974
test_ood:20:0,synthetic-judge,test_ood,ood,test_ood_task20,0,0.31009881408691364
test_ood:20:1,synthetic-judge,test_ood,ood,test_ood_task20,0,0.4579211664563597
test_ood:20:2,synthetic-judge,test_ood,ood,test_ood_task20,0,0.10665623326625362
test_ood:20:3,synthetic-judge,test_ood,ood,test_ood_task20,0,-0.13528907677038537
test_ood:20:4,synthetic-judge,test_ood,ood,test_ood_task20,1,0.1909097621347402
test_ood:20:5,synthetic-judge,test_ood,ood,test_ood_task20,0,-3.4000540570346356
test_ood:20:6,synthetic-judge,test_ood,ood,test_ood_task20,0,7.01102804741378
test_ood:20:7,synthetic-judge,test_ood,ood,test_ood_task20,1,0.5326075090837041
test_ood:20:8,synthetic-judge,test_ood,ood,test_ood_task20,1,5.744855427372057
test_ood:20:9,synthetic-judge,test_ood,ood,test_ood_task20,0,-3.2411645867738574
test_ood:20:10,synthetic-judge,test_ood,ood,test_ood_task20,0,1.1469447043767542
test_ood:20:11,synthetic-judge,test_ood,ood,test_ood_task20,0,1.6461921024154713
test_ood:20:12,synthetic-judge,test_ood,ood,test_ood_task20,1,0.8143771677489153
test_ood:20:13,synthetic-judge,test_ood,ood,test_ood_task20,0,1.1602643715242413
test_ood:20:14,synthetic-judge,test_ood,ood,test_ood_task20,1,3.7195613787249786
test_ood:20:15,synthetic-judge,test_ood,ood,test_ood_task20,1,0.6781964472035176
test_ood:20:16,synthetic-judge,test_ood,ood,test_ood_task20,1,3.921076692509982
test_ood:20:17,synthetic-judge,test_ood,ood,test_ood_task20,1,1.7615492127793184
test_ood:20:18,synthetic-judge,test_ood,ood,test_ood_task20,1,3.2181687872841858
test_ood:20:19,synthetic-judge,test_ood,ood,test_ood_task20,1,3.149061528815255
test_ood:21:0,synthetic-judge,test_ood,ood,test_ood_task21,0,-1.4694646492342378
test_ood:21:1,synthetic-judge,test_ood,ood,test_ood_task21,0,-1.930664756351102
test_ood:21:2,synthetic-judge,test_ood,ood,test_ood_task21,0,0.6816283224670747
test_ood:21:3,synthetic-judge,test_ood,ood,test_ood_task21,0,0.7629212413002523
test_ood:21:4,synthetic-judge,test_ood,ood,test_ood_task21,0,1.3412104384685404
test_ood:21:5,synthetic-judge,test_ood,ood,test_ood_task21,1,0.2295143829770605
test_ood:21:6,synthetic-judge,test_ood,ood,test_ood_task21,0,-3.182014723447061
test_ood:21:7,synthetic-judge,test_ood,ood,test_ood_task21,1,2.2667964150609943
test_ood:21:8,synthetic-judge,test_ood,ood,test_ood_task21,1,-1.072895242059587
test_ood:21:9,synthetic-judge,test_ood,ood,test_ood_task21,0,1.2010300201636057
test_ood:21:10,synthetic-judge,test_ood,ood,test_ood_task21,1,0.18850026457590807
test_ood:21:11,synthetic-judge,test_ood,ood,test_ood_task21,0,0.9786603041122262
test_ood:21:12,synthetic-judge,test_ood,ood,test_ood_task21,1,-3.175042632394641
test_ood:21:13,synthetic-judge,test_ood,ood,test_ood_task21,0,-0.29849969085133976
test_ood:21:14,synthetic-judge,test_ood,ood,test_ood_task21,0,6.926116180630107
test_ood:21:15,synthetic-judge,test_ood,ood,test_ood_task21,1,-0.8037354761629223
test_ood:21:16,synthetic-judge,test_ood,ood,test_ood_task21,1,1.9302338451077552
test_ood:21:17,synthetic-judge,test_ood,ood,test_ood_task21,1,5.092554824049973
test_ood:21:18,synthetic-judge,test_ood,ood,test_ood_task21,0,-1.6204290575766165
test_ood:21:19,synthetic-judge,test_ood,ood,test_ood_task21,1,0.7449626094624282
test_ood:22:0,synthetic-judge,test_ood,ood,test_ood_task22,0,-4.1106621690121665
test_ood:22:1,synthetic-judge,test_ood,ood,test_ood_task22,0,0.4678992736014935
test_ood:22:2,synthetic-judge,test_ood,ood,test_ood_task22,0,-2.4525291437995462
test_ood:22:3,synthetic-judge,test_ood,ood,test_ood_task22,0,0.8404673395307634
test_ood:22:4,synthetic-judge,test_ood,ood,test_ood_task22,0,0.4876162790670482
test_ood:22:5,synthetic-judge,test_ood,ood,test_ood_task22,0,-2.8093509471071116
test_ood:22:6,synthetic-judge,test_ood,ood,test_ood_task22,0,-7.9074003387865925
test_ood:22:7,synthetic-judge,test_ood,ood,test_ood_task22,0,-5.660382786790444
test_ood:22:8,synthetic-judge,test_ood,ood,test_ood_task22,1,1.6138082009727501
test_ood:22:9,synthetic-judge,test_ood,ood,test_ood_task22,0,-1.5270214420752364
test_ood:22:10,synthetic-judge,test_ood,ood,test_ood_task22,0,-0.022753285261170708
test_ood:22:11,synthetic-judge,test_ood,ood,test_ood_task22,0,-3.417353472312171
test_ood:22:12,synthetic-judge,test_ood,ood,test_ood_task22,0,-4.39514245313826
test_ood:22:13,synthetic-judge,test_ood,ood,test_ood_task22,0,-0.4202034669659218
test_ood:22:14,synthetic-judge,test_ood,ood,test_ood_task22,1,1.5617080137509625
test_ood:22:15,synthetic-judge,test_ood,ood,test_ood_task22,0,-0.5500775358450753
test_ood:22:16,synthetic-judge,test_ood,ood,test_ood_task22,0,-2.7617416870545304
test_ood:22:17,synthetic-judge,test_ood,ood,test_ood_task22,0,-2.9730165588859943
test_ood:22:18,synthetic-judge,test_ood,ood,test_ood_task22,1,8.325509286781273
test_ood:22:19,synthetic-judge,test_ood,ood,test_ood_task22,0,-1.000728354667626
test_ood:23:0,synthetic-judge,test_ood,ood,test_ood_task23,0,-0.5231516319614371
test_ood:23:1,synthetic-judge,test_ood,ood,test_ood_task23,1,2.7280519764464355
test_ood:23:2,synthetic-judge,test_ood,ood,test_ood_task23,0,-3.3197370698783875
test_ood:23:3,synthetic-judge,test_ood,ood,test_ood_task23,0,4.82683903672933
test_ood:23:4,synthetic-judge,test_ood,ood,test_ood_task23,1,3.8342819371730834
test_ood:23:5,synthetic-judge,test_ood,ood,test_ood_task23,0,2.5534204824205644
test_ood:23:6,synthetic-judge,test_ood,ood,test_ood_task23,0,0.21632677145643564
test_ood:23:7,synthetic-judge,test_ood,ood,test_ood_task23,1,3.4155466059429984
test_ood:23:8,synthetic-judge,test_ood,ood,test_ood_task23,1,5.32869631872731
test_ood:23:9,synthetic-judge,test_ood,ood,test_ood_task23,0,-1.4934628883417478
test_ood:23:10,synthetic-judge,test_ood,ood,test_ood_task23,1,1.4228643028589554
test_ood:23:11,synthetic-judge,test_ood,ood,test_ood_task23,0,-0.3810228067867194
test_ood:23:12,synthetic-judge,test_ood,ood,test_ood_task23,0,-1.218646688276082
test_ood:23:13,synthetic-judge,test_ood,ood,test_ood_task23,0,2.0688231163468305
test_ood:23:14,synthetic-judge,test_ood,ood,test_ood_task23,1,0.7750592477614706
test_ood:23:15,synthetic-judge,test_ood,ood,test_ood_task23,1,-0.8380716649192983
test_ood:23:16,synthetic-judge,test_ood,ood,test_ood_task23,1,2.200384888862631
test_ood:23:17,synthetic-judge,test_ood,ood,test_ood_task23,1,-1.1118295910915341
test_ood:23:18,synthetic-judge,test_ood,ood,test_ood_task23,0,2.3762669125726146
test_ood:23:19,synthetic-judge,test_ood,ood,test_ood_task23,0,-3.0203744840234803
test_ood:24:0,synthetic-judge,test_ood,ood,test_ood_task24,0,0.5592985152578921
test_ood:24:1,synthetic-judge,test_ood,ood,test_ood_task24,0,-4.741313849546145
test_ood:24:2,synthetic-judge,test_ood,ood,test_ood_task24,1,-0.7177703558361115
test_ood:24:3,synthetic-judge,test_ood,ood,test_ood_task24,0,-2.798203405512756
test_ood:24:4,synthetic-judge,test_ood,ood,test_ood_task24,1,5.009929393378664
test_ood:24:5,synthetic-judge,test_ood,ood,test_ood_task24,0,-1.6910938774875337
test_ood:24:6,synthetic-judge,test_ood,ood,test_ood_task24,0,-2.1751638182774515
test_ood:24:7,synthetic-judge,test_ood,ood,test_ood_task24,0,-2.268558151895291
test_ood:24:8,synthetic-judge,test_ood,ood,test_ood_task24,1,5.237055704184399
test_ood:24:9,synthetic-judge,test_ood,ood,test_ood_task24,1,2.1910560169630084
test_ood:24:10,synthetic-judge,test_ood,ood,test_ood_task24,1,3.470084981591233
test_ood:24:11,synthetic-judge,test_ood,ood,test_ood_task24,0,-1.5413436488823447
test_ood:24:12,synthetic-judge,test_ood,ood,test_ood_task24,0,-0.732469435180056
test_ood:24:13,synthetic-judge,test_ood,ood,test_ood_task24,1,-0.9344905666968542
test_ood:24:14,synthetic-judge,test_ood,ood,test_ood_task24,1,0.21089709458017625
test_ood:24:15,synthetic-judge,test_ood,ood,test_ood_task24,1,1.45574020263124
test_ood:24:16,synthetic-judge,test_ood,ood,test_ood_task24,0,-1.8062905312996067
test_ood:24:17,synthetic-judge,test_ood,ood,test_ood_task24,1,1.4928595690454383
test_ood:24:18,synthetic-judge,test_ood,ood,test_ood_task24,0,3.6852006958752566
test_ood:24:19,synthetic-judge,test_ood,ood,test_ood_task24,1,2.830924474896525
test_ood:25:0,synthetic-judge,test_ood,ood,test_ood_task25,1,-2.031662270612175
test_ood:25:1,synthetic-judge,test_ood,ood,test_ood_task25,1,0.39677444414561647
test_ood:25:2,synthetic-judge,test_ood,ood,test_ood_task25,0,-3.709824518678019
test_ood:25:3,synthetic-judge,test_ood,ood,test_ood_task25,0,5.1722422135859265
test_ood:25:4,synthetic-judge,test_ood,ood,test_ood_task25,0,-2.99594431181272
test_ood:25:5,synthetic-judge,test_ood,ood,test_ood_task25,1,0.4406017154563544
test_ood:25:6,synthetic-judge,test_ood,ood,test_ood_task25,1,-2.591849449784213
test_ood:25:7,synthetic-judge,test_ood,ood,test_ood_task25,0,2.44035484936805
test_ood:25:8,synthetic-judge,test_ood,ood,test_ood_task25,0,-3.881782812027317
test_ood:25:9,synthetic-judge,test_ood,ood,test_ood_task25,0,-2.1205290850812344
test_ood:25:10,synthetic-judge,test_ood,ood,test_ood_task25,1,-2.6802901085830744
test_ood:25:11,synthetic-judge,test_ood,ood,test_ood_task25,0,1.768027062947275
test_ood:25:12,synthetic-judge,test_ood,ood,test_ood_task25,0,-0.6840632579796329
test_ood:25:13,synthetic-judge,test_ood,ood,test_ood_task25,1,1.4172125743980724
test_ood:25:14,synthetic-judge,test_ood,ood,test_ood_task25,0,-2.4375844399289543
test_ood:25:15,synthetic-judge,test_ood,ood,test_ood_task25,0,-0.4163903063365759
test_ood:25:16,synthetic-judge,test_ood,ood,test_ood_task25,0,-1.1805403936609884
test_ood:25:17,synthetic-judge,test_ood,ood,test_ood_task25,0,-0.594688876669156
test_ood:25:18,synthetic-judge,test_ood,ood,test_ood_task25,0,-1.6697663174242412
test_ood:25:19,synthetic-judge,test_ood,ood,test_ood_task25,1,-0.06738891049123974
test_ood:26:0,synthetic-judge,test_ood,ood,test_ood_task26,1,0.5020925410703689
test_ood:26:1,synthetic-judge,test_ood,ood,test_ood_task26,1,5.496793596627046
test_ood:26:2,synthetic-judge,test_ood,ood,test_ood_task26,0,-3.551235867535018
test_ood:26:3,synthetic-judge,test_ood,ood,test_ood_task26,1,1.8972014351330504
test_ood:26:4,synthetic-judge,test_ood,ood,test_ood_task26,1,4.708753686203828
test_ood:26:5,synthetic-judge,test_ood,ood,test_ood_task26,0,1.7479233011542352
test_ood:26:6,synthetic-judge,test_ood,ood,test_ood_task26,0,-3.8813401735763824
test_ood:26:7,synthetic-judge,test_ood,ood,test_ood_task26,0,-1.7620993770212166
test_ood:26:8,synthetic-judge,test_ood,ood,test_ood_task26,0,-0.05916902053092943
test_ood:26:9,synthetic-judge,test_ood,ood,test_ood_task26,0,-0.4582982406904281
test_ood:26:10,synthetic-judge,test_ood,ood,test_ood_task26,1,5.359123372190483
test_ood:26:11,synthetic-judge,test_ood,ood,test_ood_task26,0,4.4933134440256435
test_ood:26:12,synthetic-judge,test_ood,ood,test_ood_task26,0,-4.659398567598874
test_ood:26:13,synthetic-judge,test_ood,ood,test_ood_task26,0,-3.8989927662717143
test_ood:26:14,synthetic-judge,test_ood,ood,test_ood_task26,1,0.6975479596998575
test_ood:26:15,synthetic-judge,test_ood,ood,test_ood_task26,1,-3.007742803500335
test_ood:26:16,synthetic-judge,test_ood,ood,test_ood_task26,0,-2.0386361303628524
test_ood:26:17,synthetic-judge,test_ood,ood,test_ood_task26,0,-7.20262698744593
test_ood:26:18,synthetic-judge,test_ood,ood,test_ood_task26,1,5.771349715689809
test_ood:26:19,synthetic-judge,test_ood,ood,test_ood_task26,1,5.118162035894795
test_ood:27:0,synthetic-judge,test_ood,ood,test_ood_task27,0,-3.4963852252821006
test_ood:27:1,synthetic-judge,test_ood,ood,test_ood_task27,0,0.9663512358259393
test_ood:27:2,synthetic-judge,test_ood,ood,test_ood_task27,0,-3.218981704780388
test_ood:27:3,synthetic-judge,test_ood,ood,test_ood_task27,0,-0.41250187500384516
test_ood:27:4,synthetic-judge,test_ood,ood,test_ood_task27,1,0.40577236550653084
test_ood:27:5,synthetic-judge,test_ood,ood,test_ood_task27,0,-1.0171649749740275
test_ood:27:6,synthetic-judge,test_ood,ood,test_ood_task27,0,-0.8733761191083764
test_ood:27:7,synthetic-judge,test_ood,ood,test_ood_task27,0,-1.6633491252989803
test_ood:27:8,synthetic-judge,test_ood,ood,test_ood_task27,0,-0.7599639629976636
test_ood:27:9,synthetic-judge,test_ood,ood,test_ood_task27,0,-1.8288799122613693
test_ood:27:10,synthetic-judge,test_ood,ood,test_ood_task27,0,-0.09878840635646258
test_ood:27:11,synthetic-judge,test_ood,ood,test_ood_task27,1,1.2557531952420014
test_ood:27:12,synthetic-judge,test_ood,ood,test_ood_task27,0,2.00110578866944
test_ood:27:13,synthetic-judge,test_ood,ood,test_ood_task27,1,-0.041222569401068165
test_ood:27:14,synthetic-judge,test_ood,ood,test_ood_task27,1,-2.517694456762995
test_ood:27:15,synthetic-judge,test_ood,ood,test_ood_task27,0,-2.4120114122473546
test_ood:27:16,synthetic-judge,test_ood,ood,test_ood_task27,0,1.1476250610102012
test_ood:27:17,synthetic-judge,test_ood,ood,test_ood_task27,0,-4.681707154298208
test_ood:27:18,synthetic-judge,test_ood,ood,test_ood_task27,0,-2.126738694715981
test_ood:27:19,synthetic-judge,test_ood,ood,test_ood_task27,0,-3.4521626713406652
test_ood:28:0,synthetic-judge,test_ood,ood,test_ood_task28,1,4.277255685055917
test_ood:28:1,synthetic-judge,test_ood,ood,test_ood_task28,0,1.071632115759808
test_ood:28:2,synthetic-judge,test_ood,ood,test_ood_task28,0,-0.8183789970439237
test_ood:28:3,synthetic-judge,test_ood,ood,test_ood_task28,0,0.8512435761745807
test_ood:28:4,synthetic-judge,test_ood,ood,test_ood_task28,0,0.28982119985357246
test_ood:28:5,synthetic-judge,test_ood,ood,test_ood_task28,1,2.0224072473468424
test_ood:28:6,synthetic-judge,test_ood,ood,test_ood_task28,1,3.1722019728462514
test_ood:28:7,synthetic-judge,test_ood,ood,test_ood_task28,1,4.2162438818765295
test_ood:28:8,synthetic-judge,test_ood,ood,test_ood_task28,1,6.019152399078612
test_ood:28:9,synthetic-judge,test_ood,ood,test_ood_task28,1,0.9007594035598563
test_ood:28:10,synthetic-judge,test_ood,ood,test_ood_task28,0,1.690929365366531
test_ood:28:11,synthetic-judge,test_ood,ood,test_ood_task28,0,-2.207186220809039
test_ood:28:12,synthetic-judge,test_ood,ood,test_ood_task28,1,6.192355000119922
test_ood:28:13,synthetic-judge,test_ood,ood,test_ood_task28,1,-0.5767496066849187
test_ood:28:14,synthetic-judge,test_ood,ood,test_ood_task28,1,2.8498044854812985
test_ood:28:15,synthetic-judge,test_ood,ood,test_ood_task28,0,-2.8002152288752478
test_ood:28:16,synthetic-judge,test_ood,ood,test_ood_task28,0,0.9071994151347269
test_ood:28:17,synthetic-judge,test_ood,ood,test_ood_task28,0,-4.406675956447103
test_ood:28:18,synthetic-judge,test_ood,ood,test_ood_task28,1,-3.13865816087067
test_ood:28:19,synthetic-judge,test_ood,ood,test_ood_task28,1,-3.53442114139607
test_ood:29:0,synthetic-judge,test_ood,ood,test_ood_task29,1,-2.173376226874135
test_ood:29:1,synthetic-judge,test_ood,ood,test_ood_task29,1,1.167726289538779
test_ood:29:2,synthetic-judge,test_ood,ood,test_ood_task29,0,1.204565909343707
test_ood:29:3,synthetic-judge,test_ood,ood,test_ood_task29,0,-1.4314289737734534
test_ood:29:4,synthetic-judge,test_ood,ood,test_ood_task29,1,3.2807346042274226
test_ood:29:5,synthetic-judge,test_ood,ood,test_ood_task29,1,3.2234188554480787
test_ood:29:6,synthetic-judge,test_ood,ood,test_ood_task29,1,2.331749368884087
test_ood:29:7,synthetic-judge,test_ood,ood,test_ood_task29,0,-1.1247005832489472
test_ood:29:8,synthetic-judge,test_ood,ood,test_ood_task29,1,7.618045272411696
test_ood:29:9,synthetic-judge,test_ood,ood,test_ood_task29,0,-0.2531239706548005
test_ood:29:10,synthetic-judge,test_ood,ood,test_ood_task29,1,2.29182125560403
test_ood:29:11,synthetic-judge,test_ood,ood,test_ood_task29,0,-2.5437555416641158
test_ood:29:12,synthetic-judge,test_ood,ood,test_ood_task29,0,-4.18778295831269
test_ood:29:13,synthetic-judge,test_ood,ood,test_ood_task29,0,2.9059442124620487
test_ood:29:14,synthetic-judge,test_ood,ood,test_ood_task29,0,-3.4030603415449363
test_ood:29:15,synthetic-judge,test_ood,ood,test_ood_task29,0,-2.8798995621622607
test_ood:29:16,synthetic-judge,test_ood,ood,test_ood_task29,1,-2.126258389127685
test_ood:29:17,synthetic-judge,test_ood,ood,test_ood_task29,1,4.288679579069083
test_ood:29:18,synthetic-judge,test_ood,ood,test_ood_task29,1,3.6397969908809786
test_ood:29:19,synthetic-judge,test_ood,ood,test_ood_task29,1,-0.4593766616480113
